ledger_size,trial,query_elapsed_ms,simulated_install_elapsed_ms,entries
10,1,14.868,1246.868,616
10,2,15.569,1247.569,616
10,3,13.191,1245.191,616
10,4,13.449,1245.449,616
10,5,12.462,1244.462,616
10,6,13.077,1245.077,616
10,7,15.112,1247.112,616
10,8,16.824,1248.824,616
10,9,17.349,1249.349,616
10,10,16.298,1248.298,616
10,11,17.698,1249.698,616
10,12,17.562,1249.562,616
10,13,18.790,1250.790,616
10,14,18.632,1250.632,616
10,15,19.467,1251.467,616
10,16,31.516,1263.516,616
10,17,39.817,1271.817,616
10,18,39.586,1271.586,616
10,19,40.971,1272.971,616
10,20,31.964,1263.964,616
10,21,31.616,1263.616,616
10,22,32.243,1264.243,616
10,23,29.158,1261.158,616
10,24,30.110,1262.110,616
10,25,30.615,1262.615,616
10,26,30.255,1262.255,616
10,27,29.907,1261.907,616
10,28,28.609,1260.609,616
10,29,30.662,1262.662,616
10,30,29.991,1261.991,616
10,31,30.626,1262.626,616
10,32,29.741,1261.741,616
10,33,37.363,1269.363,616
10,34,44.792,1276.792,616
10,35,44.388,1276.388,616
10,36,47.572,1279.572,616
10,37,46.683,1278.683,616
10,38,47.401,1279.401,616
10,39,45.402,1277.402,616
10,40,33.629,1265.629,616
10,41,35.604,1267.604,616
10,42,34.520,1266.520,616
10,43,34.503,1266.503,616
10,44,34.192,1266.192,616
10,45,33.490,1265.490,616
10,46,34.035,1266.035,616
10,47,34.169,1266.169,616
10,48,32.716,1264.716,616
10,49,35.283,1267.283,616
10,50,48.855,1280.855,616
10,51,51.300,1283.300,616
10,52,49.663,1281.663,616
10,53,52.033,1284.033,616
10,54,50.133,1282.133,616
10,55,49.395,1281.395,616
10,56,53.578,1285.578,616
10,57,50.009,1282.009,616
10,58,51.946,1283.946,616
10,59,50.184,1282.184,616
10,60,51.741,1283.741,616
10,61,49.885,1281.885,616
10,62,47.015,1279.015,616
10,63,43.429,1275.429,616
10,64,51.576,1283.576,616
10,65,38.169,1270.169,616
10,66,19.530,1251.530,616
10,67,18.869,1250.869,616
10,68,19.036,1251.036,616
10,69,19.672,1251.672,616
10,70,20.669,1252.669,616
10,71,21.582,1253.582,616
10,72,21.580,1253.580,616
10,73,23.051,1255.051,616
10,74,20.951,1252.951,616
10,75,21.274,1253.274,616
10,76,21.935,1253.935,616
10,77,21.000,1253.000,616
10,78,22.358,1254.358,616
10,79,21.787,1253.787,616
10,80,22.532,1254.532,616
10,81,23.846,1255.846,616
10,82,24.373,1256.373,616
10,83,24.818,1256.818,616
10,84,24.502,1256.502,616
10,85,26.208,1258.208,616
10,86,24.975,1256.975,616
10,87,25.206,1257.206,616
10,88,24.771,1256.771,616
10,89,24.842,1256.842,616
10,90,24.057,1256.057,616
10,91,30.362,1262.362,616
10,92,34.362,1266.362,616
10,93,34.389,1266.389,616
10,94,33.137,1265.137,616
10,95,37.570,1269.570,616
10,96,40.797,1272.797,616
10,97,44.079,1276.079,616
10,98,40.182,1272.182,616
10,99,42.179,1274.179,616
10,100,43.760,1275.760,616
10,101,44.143,1276.143,616
10,102,42.315,1274.315,616
10,103,42.184,1274.184,616
10,104,42.824,1274.824,616
10,105,40.651,1272.651,616
10,106,42.814,1274.814,616
10,107,45.183,1277.183,616
10,108,43.365,1275.365,616
10,109,43.165,1275.165,616
10,110,44.547,1276.547,616
10,111,42.166,1274.166,616
10,112,45.714,1277.714,616
10,113,44.578,1276.578,616
10,114,44.488,1276.488,616
10,115,43.152,1275.152,616
10,116,46.261,1278.261,616
10,117,45.258,1277.258,616
10,118,43.810,1275.810,616
10,119,33.571,1265.571,616
10,120,33.768,1265.768,616
10,121,34.097,1266.097,616
10,122,32.243,1264.243,616
10,123,35.133,1267.133,616
10,124,34.233,1266.233,616
10,125,35.088,1267.088,616
10,126,32.991,1264.991,616
10,127,34.002,1266.002,616
10,128,33.178,1265.178,616
10,129,32.789,1264.789,616
10,130,33.293,1265.293,616
10,131,22.766,1254.766,616
10,132,11.738,1243.738,616
10,133,12.010,1244.010,616
10,134,12.342,1244.342,616
10,135,11.889,1243.889,616
10,136,12.228,1244.228,616
10,137,14.582,1246.582,616
10,138,20.578,1252.578,616
10,139,35.245,1267.245,616
10,140,38.661,1270.661,616
10,141,38.373,1270.373,616
10,142,39.612,1271.612,616
10,143,38.284,1270.284,616
10,144,39.840,1271.840,616
10,145,39.194,1271.194,616
10,146,34.016,1266.016,616
10,147,31.592,1263.592,616
10,148,30.292,1262.292,616
10,149,34.613,1266.613,616
10,150,36.036,1268.036,616
10,151,35.817,1267.817,616
10,152,36.716,1268.716,616
10,153,35.976,1267.976,616
10,154,24.235,1256.235,616
10,155,24.540,1256.540,616
10,156,23.376,1255.376,616
10,157,23.677,1255.677,616
10,158,23.135,1255.135,616
10,159,23.780,1255.780,616
10,160,24.373,1256.373,616
10,161,23.475,1255.475,616
10,162,22.989,1254.989,616
10,163,24.533,1256.533,616
10,164,22.611,1254.611,616
10,165,28.131,1260.131,616
10,166,33.548,1265.548,616
10,167,40.030,1272.030,616
10,168,38.806,1270.806,616
10,169,37.851,1269.851,616
10,170,38.395,1270.395,616
10,171,38.359,1270.359,616
10,172,39.529,1271.529,616
10,173,35.941,1267.941,616
10,174,21.480,1253.480,616
10,175,21.046,1253.046,616
10,176,29.107,1261.107,616
10,177,31.740,1263.740,616
10,178,32.289,1264.289,616
10,179,31.149,1263.149,616
10,180,31.471,1263.471,616
10,181,40.323,1272.323,616
10,182,46.192,1278.192,616
10,183,38.279,1270.279,616
10,184,33.049,1265.049,616
10,185,33.340,1265.340,616
10,186,32.832,1264.832,616
10,187,33.279,1265.279,616
10,188,37.762,1269.762,616
10,189,42.079,1274.079,616
10,190,41.121,1273.121,616
10,191,43.765,1275.765,616
10,192,42.731,1274.731,616
10,193,41.067,1273.067,616
10,194,43.075,1275.075,616
10,195,27.659,1259.659,616
10,196,12.426,1244.426,616
10,197,12.226,1244.226,616
10,198,11.690,1243.690,616
10,199,12.058,1244.058,616
10,200,11.572,1243.572,616
10,201,11.151,1243.151,616
10,202,11.848,1243.848,616
10,203,10.981,1242.981,616
10,204,11.869,1243.869,616
10,205,11.812,1243.812,616
10,206,11.643,1243.643,616
10,207,12.107,1244.107,616
10,208,12.802,1244.802,616
10,209,12.270,1244.270,616
10,210,12.612,1244.612,616
10,211,15.451,1247.451,616
10,212,19.658,1251.658,616
10,213,21.117,1253.117,616
10,214,24.943,1256.943,616
10,215,28.230,1260.230,616
10,216,37.639,1269.639,616
10,217,39.101,1271.101,616
10,218,30.364,1262.364,616
10,219,29.565,1261.565,616
10,220,30.215,1262.215,616
10,221,29.237,1261.237,616
10,222,30.305,1262.305,616
10,223,32.038,1264.038,616
10,224,37.581,1269.581,616
10,225,35.625,1267.625,616
10,226,37.117,1269.117,616
10,227,36.281,1268.281,616
10,228,37.630,1269.630,616
10,229,38.474,1270.474,616
10,230,37.103,1269.103,616
10,231,40.523,1272.523,616
10,232,45.780,1277.780,616
10,233,45.560,1277.560,616
10,234,45.807,1277.807,616
10,235,45.110,1277.110,616
10,236,45.413,1277.413,616
10,237,46.180,1278.180,616
10,238,44.446,1276.446,616
10,239,46.274,1278.274,616
10,240,45.835,1277.835,616
10,241,46.459,1278.459,616
10,242,35.529,1267.529,616
10,243,26.968,1258.968,616
10,244,27.146,1259.146,616
10,245,27.422,1259.422,616
10,246,26.605,1258.605,616
10,247,26.443,1258.443,616
10,248,27.709,1259.709,616
10,249,28.034,1260.034,616
10,250,27.815,1259.815,616
10,251,32.903,1264.903,616
10,252,39.838,1271.838,616
10,253,38.997,1270.997,616
10,254,39.419,1271.419,616
10,255,39.001,1271.001,616
10,256,38.900,1270.900,616
10,257,38.915,1270.915,616
10,258,39.574,1271.574,616
10,259,38.287,1270.287,616
10,260,40.669,1272.669,616
10,261,40.200,1272.200,616
10,262,23.159,1255.159,616
10,263,12.360,1244.360,616
10,264,12.115,1244.115,616
10,265,11.412,1243.412,616
10,266,11.705,1243.705,616
10,267,11.760,1243.760,616
10,268,15.503,1247.503,616
10,269,16.352,1248.352,616
10,270,18.377,1250.377,616
10,271,18.606,1250.606,616
10,272,18.613,1250.613,616
10,273,22.558,1254.558,616
10,274,35.676,1267.676,616
10,275,39.022,1271.022,616
10,276,38.526,1270.526,616
10,277,39.143,1271.143,616
10,278,41.222,1273.222,616
10,279,37.485,1269.485,616
10,280,39.781,1271.781,616
10,281,39.820,1271.820,616
10,282,39.313,1271.313,616
10,283,39.068,1271.068,616
10,284,39.626,1271.626,616
10,285,41.080,1273.080,616
10,286,39.216,1271.216,616
10,287,40.587,1272.587,616
10,288,39.360,1271.360,616
10,289,37.980,1269.980,616
10,290,41.601,1273.601,616
10,291,37.707,1269.707,616
10,292,40.673,1272.673,616
10,293,38.685,1270.685,616
10,294,39.713,1271.713,616
10,295,38.809,1270.809,616
10,296,39.248,1271.248,616
10,297,39.629,1271.629,616
10,298,39.739,1271.739,616
10,299,39.806,1271.806,616
10,300,39.255,1271.255,616
10,301,40.338,1272.338,616
10,302,39.512,1271.512,616
10,303,37.265,1269.265,616
10,304,30.468,1262.468,616
10,305,29.541,1261.541,616
10,306,31.196,1263.196,616
10,307,34.653,1266.653,616
10,308,37.423,1269.423,616
10,309,35.865,1267.865,616
10,310,36.545,1268.545,616
10,311,37.907,1269.907,616
10,312,35.214,1267.214,616
10,313,28.917,1260.917,616
10,314,29.392,1261.392,616
10,315,28.808,1260.808,616
10,316,28.888,1260.888,616
10,317,28.424,1260.424,616
10,318,29.707,1261.707,616
10,319,28.723,1260.723,616
10,320,29.445,1261.445,616
10,321,28.137,1260.137,616
10,322,28.843,1260.843,616
10,323,31.578,1263.578,616
10,324,24.592,1256.592,616
10,325,11.871,1243.871,616
10,326,11.895,1243.895,616
10,327,11.526,1243.526,616
10,328,11.246,1243.246,616
10,329,11.233,1243.233,616
10,330,11.409,1243.409,616
10,331,12.983,1244.983,616
10,332,12.345,1244.345,616
10,333,11.908,1243.908,616
10,334,12.801,1244.801,616
10,335,12.343,1244.343,616
10,336,12.463,1244.463,616
10,337,14.052,1246.052,616
10,338,13.819,1245.819,616
10,339,15.873,1247.873,616
10,340,18.607,1250.607,616
10,341,21.807,1253.807,616
10,342,25.314,1257.314,616
10,343,26.871,1258.871,616
10,344,27.930,1259.930,616
10,345,27.511,1259.511,616
10,346,27.423,1259.423,616
10,347,27.172,1259.172,616
10,348,26.912,1258.912,616
10,349,27.850,1259.850,616
10,350,27.105,1259.105,616
10,351,27.017,1259.017,616
10,352,27.697,1259.697,616
10,353,28.867,1260.867,616
10,354,27.039,1259.039,616
10,355,26.881,1258.881,616
10,356,28.135,1260.135,616
10,357,26.586,1258.586,616
10,358,27.124,1259.124,616
10,359,26.852,1258.852,616
10,360,26.813,1258.813,616
10,361,27.058,1259.058,616
10,362,27.185,1259.185,616
10,363,28.048,1260.048,616
10,364,26.337,1258.337,616
10,365,29.588,1261.588,616
10,366,32.690,1264.690,616
10,367,31.389,1263.389,616
10,368,31.905,1263.905,616
10,369,32.335,1264.335,616
10,370,32.248,1264.248,616
10,371,32.368,1264.368,616
10,372,40.329,1272.329,616
10,373,47.878,1279.878,616
10,374,47.291,1279.291,616
10,375,44.299,1276.299,616
10,376,47.039,1279.039,616
10,377,46.396,1278.396,616
10,378,44.514,1276.514,616
10,379,44.716,1276.716,616
10,380,43.159,1275.159,616
10,381,26.418,1258.418,616
10,382,27.517,1259.517,616
10,383,27.509,1259.509,616
10,384,26.706,1258.706,616
10,385,27.861,1259.861,616
10,386,26.264,1258.264,616
10,387,27.912,1259.912,616
10,388,27.076,1259.076,616
10,389,27.909,1259.909,616
10,390,35.530,1267.530,616
10,391,39.463,1271.463,616
10,392,42.716,1274.716,616
10,393,48.977,1280.977,616
10,394,46.128,1278.128,616
10,395,46.877,1278.877,616
10,396,19.537,1251.537,616
10,397,11.832,1243.832,616
10,398,11.353,1243.353,616
10,399,12.212,1244.212,616
10,400,13.605,1245.605,616
10,401,16.290,1248.290,616
10,402,16.592,1248.592,616
10,403,17.761,1249.761,616
10,404,16.884,1248.884,616
10,405,17.107,1249.107,616
10,406,17.758,1249.758,616
10,407,19.405,1251.405,616
10,408,18.109,1250.109,616
10,409,19.364,1251.364,616
10,410,21.543,1253.543,616
10,411,20.348,1252.348,616
10,412,20.722,1252.722,616
10,413,22.181,1254.181,616
10,414,21.033,1253.033,616
10,415,23.133,1255.133,616
10,416,31.078,1263.078,616
10,417,39.827,1271.827,616
10,418,37.009,1269.009,616
10,419,38.302,1270.302,616
10,420,39.037,1271.037,616
10,421,29.138,1261.138,616
10,422,30.602,1262.602,616
10,423,30.327,1262.327,616
10,424,30.799,1262.799,616
10,425,34.334,1266.334,616
10,426,35.525,1267.525,616
10,427,36.291,1268.291,616
10,428,37.645,1269.645,616
10,429,20.252,1252.252,616
10,430,12.994,1244.994,616
10,431,12.706,1244.706,616
10,432,12.290,1244.290,616
10,433,12.496,1244.496,616
10,434,13.411,1245.411,616
10,435,12.645,1244.645,616
10,436,12.567,1244.567,616
10,437,13.144,1245.144,616
10,438,13.266,1245.266,616
10,439,13.109,1245.109,616
10,440,13.883,1245.883,616
10,441,16.985,1248.985,616
10,442,25.955,1257.955,616
10,443,28.661,1260.661,616
10,444,27.999,1259.999,616
10,445,29.414,1261.414,616
10,446,28.653,1260.653,616
10,447,27.727,1259.727,616
10,448,28.755,1260.755,616
10,449,27.798,1259.798,616
10,450,28.921,1260.921,616
10,451,30.364,1262.364,616
10,452,33.436,1265.436,616
10,453,32.865,1264.865,616
10,454,33.455,1265.455,616
10,455,33.902,1265.902,616
10,456,33.162,1265.162,616
10,457,33.750,1265.750,616
10,458,33.302,1265.302,616
10,459,34.632,1266.632,616
10,460,36.451,1268.451,616
10,461,41.216,1273.216,616
10,462,42.461,1274.461,616
10,463,41.036,1273.036,616
10,464,42.069,1274.069,616
10,465,41.442,1273.442,616
10,466,40.990,1272.990,616
10,467,43.304,1275.304,616
10,468,43.207,1275.207,616
10,469,41.963,1273.963,616
10,470,42.587,1274.587,616
10,471,27.786,1259.786,616
10,472,11.479,1243.479,616
10,473,11.971,1243.971,616
10,474,12.457,1244.457,616
10,475,14.501,1246.501,616
10,476,13.257,1245.257,616
10,477,13.388,1245.388,616
10,478,13.194,1245.194,616
10,479,13.031,1245.031,616
10,480,12.996,1244.996,616
10,481,12.965,1244.965,616
10,482,15.715,1247.715,616
10,483,17.200,1249.200,616
10,484,18.982,1250.982,616
10,485,18.702,1250.702,616
10,486,20.441,1252.441,616
10,487,21.272,1253.272,616
10,488,20.688,1252.688,616
10,489,20.406,1252.406,616
10,490,23.375,1255.375,616
10,491,24.899,1256.899,616
10,492,27.035,1259.035,616
10,493,28.905,1260.905,616
10,494,31.883,1263.883,616
10,495,32.010,1264.010,616
10,496,33.687,1265.687,616
10,497,33.433,1265.433,616
10,498,33.723,1265.723,616
10,499,32.682,1264.682,616
10,500,30.768,1262.768,616
50,1,13.820,1325.820,656
50,2,13.359,1325.359,656
50,3,12.627,1324.627,656
50,4,12.541,1324.541,656
50,5,12.388,1324.388,656
50,6,12.446,1324.446,656
50,7,13.037,1325.037,656
50,8,15.171,1327.171,656
50,9,15.062,1327.062,656
50,10,15.929,1327.929,656
50,11,17.452,1329.452,656
50,12,17.363,1329.363,656
50,13,20.765,1332.765,656
50,14,22.194,1334.194,656
50,15,24.687,1336.687,656
50,16,26.126,1338.126,656
50,17,28.876,1340.876,656
50,18,29.459,1341.459,656
50,19,27.687,1339.687,656
50,20,28.856,1340.856,656
50,21,27.869,1339.869,656
50,22,27.879,1339.879,656
50,23,28.470,1340.470,656
50,24,32.580,1344.580,656
50,25,33.413,1345.413,656
50,26,33.466,1345.466,656
50,27,47.565,1359.565,656
50,28,55.940,1367.940,656
50,29,30.587,1342.587,656
50,30,30.659,1342.659,656
50,31,36.638,1348.638,656
50,32,37.763,1349.763,656
50,33,43.352,1355.352,656
50,34,47.140,1359.140,656
50,35,47.012,1359.012,656
50,36,47.577,1359.577,656
50,37,48.430,1360.430,656
50,38,46.490,1358.490,656
50,39,47.084,1359.084,656
50,40,46.205,1358.205,656
50,41,36.513,1348.513,656
50,42,40.120,1352.120,656
50,43,44.969,1356.969,656
50,44,54.200,1366.200,656
50,45,49.297,1361.297,656
50,46,15.947,1327.947,656
50,47,15.500,1327.500,656
50,48,16.634,1328.634,656
50,49,15.565,1327.565,656
50,50,14.855,1326.855,656
50,51,15.874,1327.874,656
50,52,19.601,1331.601,656
50,53,25.895,1337.895,656
50,54,26.558,1338.558,656
50,55,30.879,1342.879,656
50,56,30.375,1342.375,656
50,57,30.550,1342.550,656
50,58,29.737,1341.737,656
50,59,30.952,1342.952,656
50,60,35.714,1347.714,656
50,61,36.265,1348.265,656
50,62,35.562,1347.562,656
50,63,35.144,1347.144,656
50,64,36.134,1348.134,656
50,65,34.740,1346.740,656
50,66,35.670,1347.670,656
50,67,36.104,1348.104,656
50,68,35.885,1347.885,656
50,69,35.649,1347.649,656
50,70,35.795,1347.795,656
50,71,35.721,1347.721,656
50,72,36.782,1348.782,656
50,73,41.926,1353.926,656
50,74,48.476,1360.476,656
50,75,46.654,1358.654,656
50,76,49.358,1361.358,656
50,77,47.099,1359.099,656
50,78,47.796,1359.796,656
50,79,47.936,1359.936,656
50,80,46.837,1358.837,656
50,81,36.783,1348.783,656
50,82,35.539,1347.539,656
50,83,35.947,1347.947,656
50,84,36.091,1348.091,656
50,85,35.445,1347.445,656
50,86,37.636,1349.636,656
50,87,36.342,1348.342,656
50,88,36.808,1348.808,656
50,89,35.830,1347.830,656
50,90,36.491,1348.491,656
50,91,34.171,1346.171,656
50,92,35.364,1347.364,656
50,93,35.193,1347.193,656
50,94,36.513,1348.513,656
50,95,35.630,1347.630,656
50,96,35.674,1347.674,656
50,97,35.712,1347.712,656
50,98,36.258,1348.258,656
50,99,36.665,1348.665,656
50,100,35.496,1347.496,656
50,101,36.208,1348.208,656
50,102,36.172,1348.172,656
50,103,46.138,1358.138,656
50,104,46.475,1358.475,656
50,105,50.014,1362.014,656
50,106,51.116,1363.116,656
50,107,49.522,1361.522,656
50,108,48.432,1360.432,656
50,109,46.899,1358.899,656
50,110,46.800,1358.800,656
50,111,48.257,1360.257,656
50,112,48.949,1360.949,656
50,113,49.409,1361.409,656
50,114,47.690,1359.690,656
50,115,45.703,1357.703,656
50,116,50.396,1362.396,656
50,117,45.130,1357.130,656
50,118,36.330,1348.330,656
50,119,35.647,1347.647,656
50,120,35.420,1347.420,656
50,121,34.876,1346.876,656
50,122,44.163,1356.163,656
50,123,48.064,1360.064,656
50,124,47.511,1359.511,656
50,125,49.441,1361.441,656
50,126,48.079,1360.079,656
50,127,35.418,1347.418,656
50,128,34.875,1346.875,656
50,129,38.689,1350.689,656
50,130,43.196,1355.196,656
50,131,42.705,1354.705,656
50,132,42.949,1354.949,656
50,133,43.717,1355.717,656
50,134,44.645,1356.645,656
50,135,46.420,1358.420,656
50,136,44.643,1356.643,656
50,137,33.310,1345.310,656
50,138,26.616,1338.616,656
50,139,29.734,1341.734,656
50,140,30.611,1342.611,656
50,141,26.738,1338.738,656
50,142,26.027,1338.027,656
50,143,26.500,1338.500,656
50,144,31.801,1343.801,656
50,145,38.460,1350.460,656
50,146,36.447,1348.447,656
50,147,35.773,1347.773,656
50,148,37.485,1349.485,656
50,149,35.841,1347.841,656
50,150,35.792,1347.792,656
50,151,37.124,1349.124,656
50,152,36.517,1348.517,656
50,153,34.175,1346.175,656
50,154,37.368,1349.368,656
50,155,35.402,1347.402,656
50,156,40.757,1352.757,656
50,157,43.561,1355.561,656
50,158,34.040,1346.040,656
50,159,38.062,1350.062,656
50,160,40.340,1352.340,656
50,161,41.849,1353.849,656
50,162,41.550,1353.550,656
50,163,43.049,1355.049,656
50,164,42.928,1354.928,656
50,165,38.946,1350.946,656
50,166,41.158,1353.158,656
50,167,42.511,1354.511,656
50,168,39.581,1351.581,656
50,169,40.121,1352.121,656
50,170,40.424,1352.424,656
50,171,42.872,1354.872,656
50,172,46.296,1358.296,656
50,173,47.067,1359.067,656
50,174,46.606,1358.606,656
50,175,45.907,1357.907,656
50,176,43.907,1355.907,656
50,177,44.797,1356.797,656
50,178,45.713,1357.713,656
50,179,44.675,1356.675,656
50,180,43.778,1355.778,656
50,181,34.362,1346.362,656
50,182,33.464,1345.464,656
50,183,34.470,1346.470,656
50,184,34.820,1346.820,656
50,185,33.507,1345.507,656
50,186,33.831,1345.831,656
50,187,34.939,1346.939,656
50,188,33.505,1345.505,656
50,189,32.975,1344.975,656
50,190,33.522,1345.522,656
50,191,34.247,1346.247,656
50,192,33.657,1345.657,656
50,193,34.579,1346.579,656
50,194,33.240,1345.240,656
50,195,42.826,1354.826,656
50,196,47.251,1359.251,656
50,197,47.261,1359.261,656
50,198,46.624,1358.624,656
50,199,49.946,1361.946,656
50,200,47.848,1359.848,656
50,201,47.644,1359.644,656
50,202,49.716,1361.716,656
50,203,47.842,1359.842,656
50,204,34.126,1346.126,656
50,205,37.676,1349.676,656
50,206,34.963,1346.963,656
50,207,35.377,1347.377,656
50,208,35.860,1347.860,656
50,209,35.090,1347.090,656
50,210,36.114,1348.114,656
50,211,35.413,1347.413,656
50,212,36.288,1348.288,656
50,213,36.791,1348.791,656
50,214,35.420,1347.420,656
50,215,35.893,1347.893,656
50,216,35.650,1347.650,656
50,217,36.055,1348.055,656
50,218,36.746,1348.746,656
50,219,35.831,1347.831,656
50,220,35.798,1347.798,656
50,221,35.960,1347.960,656
50,222,37.107,1349.107,656
50,223,34.417,1346.417,656
50,224,36.146,1348.146,656
50,225,37.926,1349.926,656
50,226,42.430,1354.430,656
50,227,44.940,1356.940,656
50,228,44.278,1356.278,656
50,229,47.739,1359.739,656
50,230,13.955,1325.955,656
50,231,13.237,1325.237,656
50,232,13.046,1325.046,656
50,233,12.275,1324.275,656
50,234,11.980,1323.980,656
50,235,12.577,1324.577,656
50,236,14.542,1326.542,656
50,237,15.963,1327.963,656
50,238,17.295,1329.295,656
50,239,23.713,1335.713,656
50,240,25.021,1337.021,656
50,241,26.294,1338.294,656
50,242,28.290,1340.290,656
50,243,31.187,1343.187,656
50,244,29.128,1341.128,656
50,245,27.716,1339.716,656
50,246,27.192,1339.192,656
50,247,28.728,1340.728,656
50,248,31.963,1343.963,656
50,249,33.257,1345.257,656
50,250,33.879,1345.879,656
50,251,34.098,1346.098,656
50,252,42.155,1354.155,656
50,253,41.488,1353.488,656
50,254,40.891,1352.891,656
50,255,40.636,1352.636,656
50,256,40.209,1352.209,656
50,257,41.638,1353.638,656
50,258,41.529,1353.529,656
50,259,41.413,1353.413,656
50,260,41.767,1353.767,656
50,261,40.270,1352.270,656
50,262,41.764,1353.764,656
50,263,42.386,1354.386,656
50,264,38.977,1350.977,656
50,265,31.754,1343.754,656
50,266,31.699,1343.699,656
50,267,31.208,1343.208,656
50,268,30.857,1342.857,656
50,269,40.019,1352.019,656
50,270,49.149,1361.149,656
50,271,47.277,1359.277,656
50,272,48.843,1360.843,656
50,273,35.571,1347.571,656
50,274,35.756,1347.756,656
50,275,37.117,1349.117,656
50,276,34.809,1346.809,656
50,277,35.326,1347.326,656
50,278,33.962,1345.962,656
50,279,36.764,1348.764,656
50,280,35.739,1347.739,656
50,281,36.694,1348.694,656
50,282,35.960,1347.960,656
50,283,36.866,1348.866,656
50,284,35.654,1347.654,656
50,285,35.579,1347.579,656
50,286,35.925,1347.925,656
50,287,35.733,1347.733,656
50,288,35.032,1347.032,656
50,289,36.222,1348.222,656
50,290,35.761,1347.761,656
50,291,23.343,1335.343,656
50,292,13.208,1325.208,656
50,293,13.166,1325.166,656
50,294,12.299,1324.299,656
50,295,12.406,1324.406,656
50,296,12.295,1324.295,656
50,297,12.460,1324.460,656
50,298,12.577,1324.577,656
50,299,13.766,1325.766,656
50,300,13.995,1325.995,656
50,301,14.417,1326.417,656
50,302,16.811,1328.811,656
50,303,18.455,1330.455,656
50,304,18.144,1330.144,656
50,305,18.047,1330.047,656
50,306,18.284,1330.284,656
50,307,19.690,1331.690,656
50,308,20.159,1332.159,656
50,309,20.006,1332.006,656
50,310,19.080,1331.080,656
50,311,22.919,1334.919,656
50,312,35.762,1347.762,656
50,313,41.439,1353.439,656
50,314,46.222,1358.222,656
50,315,46.277,1358.277,656
50,316,46.034,1358.034,656
50,317,36.597,1348.597,656
50,318,36.387,1348.387,656
50,319,37.382,1349.382,656
50,320,35.665,1347.665,656
50,321,35.614,1347.614,656
50,322,43.566,1355.566,656
50,323,48.030,1360.030,656
50,324,48.039,1360.039,656
50,325,46.707,1358.707,656
50,326,47.926,1359.926,656
50,327,49.028,1361.028,656
50,328,49.643,1361.643,656
50,329,45.122,1357.122,656
50,330,28.406,1340.406,656
50,331,27.117,1339.117,656
50,332,33.303,1345.303,656
50,333,41.589,1353.589,656
50,334,39.850,1351.850,656
50,335,41.048,1353.048,656
50,336,41.053,1353.053,656
50,337,42.923,1354.923,656
50,338,48.427,1360.427,656
50,339,48.913,1360.913,656
50,340,49.730,1361.730,656
50,341,49.203,1361.203,656
50,342,49.896,1361.896,656
50,343,43.706,1355.706,656
50,344,44.341,1356.341,656
50,345,43.508,1355.508,656
50,346,44.477,1356.477,656
50,347,43.989,1355.989,656
50,348,44.007,1356.007,656
50,349,43.562,1355.562,656
50,350,43.859,1355.859,656
50,351,18.982,1330.982,656
50,352,12.945,1324.945,656
50,353,12.471,1324.471,656
50,354,11.992,1323.992,656
50,355,13.085,1325.085,656
50,356,12.126,1324.126,656
50,357,12.131,1324.131,656
50,358,11.991,1323.991,656
50,359,12.854,1324.854,656
50,360,16.500,1328.500,656
50,361,24.713,1336.713,656
50,362,30.462,1342.462,656
50,363,47.951,1359.951,656
50,364,42.046,1354.046,656
50,365,44.134,1356.134,656
50,366,43.596,1355.596,656
50,367,43.508,1355.508,656
50,368,46.226,1358.226,656
50,369,48.333,1360.333,656
50,370,47.834,1359.834,656
50,371,46.609,1358.609,656
50,372,45.865,1357.865,656
50,373,48.010,1360.010,656
50,374,49.706,1361.706,656
50,375,51.097,1363.097,656
50,376,47.129,1359.129,656
50,377,46.409,1358.409,656
50,378,35.249,1347.249,656
50,379,37.761,1349.761,656
50,380,36.578,1348.578,656
50,381,35.628,1347.628,656
50,382,36.191,1348.191,656
50,383,36.565,1348.565,656
50,384,36.119,1348.119,656
50,385,38.572,1350.572,656
50,386,44.587,1356.587,656
50,387,43.147,1355.147,656
50,388,44.328,1356.328,656
50,389,45.083,1357.083,656
50,390,43.323,1355.323,656
50,391,43.482,1355.482,656
50,392,43.623,1355.623,656
50,393,44.234,1356.234,656
50,394,43.497,1355.497,656
50,395,46.473,1358.473,656
50,396,46.320,1358.320,656
50,397,45.924,1357.924,656
50,398,42.225,1354.225,656
50,399,45.679,1357.679,656
50,400,42.053,1354.053,656
50,401,33.572,1345.572,656
50,402,34.672,1346.672,656
50,403,34.227,1346.227,656
50,404,33.286,1345.286,656
50,405,33.601,1345.601,656
50,406,12.968,1324.968,656
50,407,13.075,1325.075,656
50,408,12.178,1324.178,656
50,409,12.314,1324.314,656
50,410,13.453,1325.453,656
50,411,14.377,1326.377,656
50,412,15.167,1327.167,656
50,413,15.951,1327.951,656
50,414,17.326,1329.326,656
50,415,20.118,1332.118,656
50,416,25.186,1337.186,656
50,417,28.747,1340.747,656
50,418,28.362,1340.362,656
50,419,28.437,1340.437,656
50,420,29.246,1341.246,656
50,421,27.905,1339.905,656
50,422,29.104,1341.104,656
50,423,31.472,1343.472,656
50,424,34.050,1346.050,656
50,425,38.186,1350.186,656
50,426,40.802,1352.802,656
50,427,42.421,1354.421,656
50,428,41.202,1353.202,656
50,429,44.672,1356.672,656
50,430,51.529,1363.529,656
50,431,47.160,1359.160,656
50,432,48.336,1360.336,656
50,433,46.232,1358.232,656
50,434,46.042,1358.042,656
50,435,44.814,1356.814,656
50,436,43.334,1355.334,656
50,437,33.359,1345.359,656
50,438,32.450,1344.450,656
50,439,36.818,1348.818,656
50,440,40.964,1352.964,656
50,441,39.545,1351.545,656
50,442,39.711,1351.711,656
50,443,40.436,1352.436,656
50,444,41.735,1353.735,656
50,445,41.508,1353.508,656
50,446,42.702,1354.702,656
50,447,41.635,1353.635,656
50,448,41.114,1353.114,656
50,449,40.265,1352.265,656
50,450,41.032,1353.032,656
50,451,39.525,1351.525,656
50,452,43.218,1355.218,656
50,453,49.268,1361.268,656
50,454,49.885,1361.885,656
50,455,45.818,1357.818,656
50,456,35.781,1347.781,656
50,457,35.350,1347.350,656
50,458,34.421,1346.421,656
50,459,34.934,1346.934,656
50,460,35.654,1347.654,656
50,461,36.174,1348.174,656
50,462,36.619,1348.619,656
50,463,35.222,1347.222,656
50,464,12.947,1324.947,656
50,465,12.707,1324.707,656
50,466,13.196,1325.196,656
50,467,12.518,1324.518,656
50,468,12.452,1324.452,656
50,469,12.543,1324.543,656
50,470,14.601,1326.601,656
50,471,16.071,1328.071,656
50,472,19.456,1331.456,656
50,473,19.380,1331.380,656
50,474,20.238,1332.238,656
50,475,20.607,1332.607,656
50,476,21.914,1333.914,656
50,477,21.929,1333.929,656
50,478,21.681,1333.681,656
50,479,22.676,1334.676,656
50,480,26.422,1338.422,656
50,481,28.473,1340.473,656
50,482,30.782,1342.782,656
50,483,40.523,1352.523,656
50,484,48.172,1360.172,656
50,485,47.659,1359.659,656
50,486,47.848,1359.848,656
50,487,47.125,1359.125,656
50,488,48.879,1360.879,656
50,489,48.184,1360.184,656
50,490,47.938,1359.938,656
50,491,46.638,1358.638,656
50,492,47.363,1359.363,656
50,493,34.938,1346.938,656
50,494,36.223,1348.223,656
50,495,36.083,1348.083,656
50,496,35.424,1347.424,656
50,497,35.570,1347.570,656
50,498,34.691,1346.691,656
50,499,36.346,1348.346,656
50,500,35.839,1347.839,656
100,1,15.835,1427.835,706
100,2,13.479,1425.479,706
100,3,14.015,1426.015,706
100,4,16.826,1428.826,706
100,5,20.122,1432.122,706
100,6,22.899,1434.899,706
100,7,23.842,1435.842,706
100,8,23.293,1435.293,706
100,9,23.039,1435.039,706
100,10,27.939,1439.939,706
100,11,33.010,1445.010,706
100,12,36.817,1448.817,706
100,13,37.222,1449.222,706
100,14,37.798,1449.798,706
100,15,37.045,1449.045,706
100,16,36.831,1448.831,706
100,17,35.609,1447.609,706
100,18,37.431,1449.431,706
100,19,35.978,1447.978,706
100,20,36.981,1448.981,706
100,21,37.333,1449.333,706
100,22,36.576,1448.576,706
100,23,39.602,1451.602,706
100,24,43.804,1455.804,706
100,25,43.363,1455.363,706
100,26,43.244,1455.244,706
100,27,43.621,1455.621,706
100,28,43.918,1455.918,706
100,29,46.714,1458.714,706
100,30,44.630,1456.630,706
100,31,42.880,1454.880,706
100,32,43.643,1455.643,706
100,33,44.269,1456.269,706
100,34,45.233,1457.233,706
100,35,43.761,1455.761,706
100,36,43.960,1455.960,706
100,37,44.993,1456.993,706
100,38,45.050,1457.050,706
100,39,43.600,1455.600,706
100,40,43.345,1455.345,706
100,41,54.343,1466.343,706
100,42,59.488,1471.488,706
100,43,56.963,1468.963,706
100,44,54.350,1466.350,706
100,45,52.998,1464.998,706
100,46,54.057,1466.057,706
100,47,51.609,1463.609,706
100,48,52.187,1464.187,706
100,49,51.258,1463.258,706
100,50,50.849,1462.849,706
100,51,50.989,1462.989,706
100,52,50.590,1462.590,706
100,53,51.360,1463.360,706
100,54,52.872,1464.872,706
100,55,50.924,1462.924,706
100,56,51.576,1463.576,706
100,57,52.897,1464.897,706
100,58,51.658,1463.658,706
100,59,49.637,1461.637,706
100,60,26.335,1438.335,706
100,61,25.284,1437.284,706
100,62,25.562,1437.562,706
100,63,24.845,1436.845,706
100,64,25.768,1437.768,706
100,65,30.788,1442.788,706
100,66,28.251,1440.251,706
100,67,29.116,1441.116,706
100,68,29.316,1441.316,706
100,69,28.464,1440.464,706
100,70,30.080,1442.080,706
100,71,34.691,1446.691,706
100,72,40.948,1452.948,706
100,73,40.826,1452.826,706
100,74,40.814,1452.814,706
100,75,42.356,1454.356,706
100,76,40.669,1452.669,706
100,77,40.104,1452.104,706
100,78,41.550,1453.550,706
100,79,41.387,1453.387,706
100,80,40.652,1452.652,706
100,81,40.828,1452.828,706
100,82,41.286,1453.286,706
100,83,41.097,1453.097,706
100,84,42.129,1454.129,706
100,85,40.147,1452.147,706
100,86,41.562,1453.562,706
100,87,40.571,1452.571,706
100,88,40.894,1452.894,706
100,89,41.702,1453.702,706
100,90,40.624,1452.624,706
100,91,41.599,1453.599,706
100,92,41.187,1453.187,706
100,93,41.754,1453.754,706
100,94,42.466,1454.466,706
100,95,41.217,1453.217,706
100,96,43.326,1455.326,706
100,97,40.454,1452.454,706
100,98,41.844,1453.844,706
100,99,46.379,1458.379,706
100,100,25.766,1437.766,706
100,101,15.185,1427.185,706
100,102,13.706,1425.706,706
100,103,13.315,1425.315,706
100,104,12.831,1424.831,706
100,105,13.570,1425.570,706
100,106,13.109,1425.109,706
100,107,14.144,1426.144,706
100,108,16.249,1428.249,706
100,109,17.129,1429.129,706
100,110,17.633,1429.633,706
100,111,17.243,1429.243,706
100,112,17.600,1429.600,706
100,113,18.036,1430.036,706
100,114,17.438,1429.438,706
100,115,17.667,1429.667,706
100,116,17.462,1429.462,706
100,117,19.790,1431.790,706
100,118,22.406,1434.406,706
100,119,39.609,1451.609,706
100,120,48.003,1460.003,706
100,121,51.167,1463.167,706
100,122,55.954,1467.954,706
100,123,51.208,1463.208,706
100,124,38.235,1450.235,706
100,125,38.382,1450.382,706
100,126,47.303,1459.303,706
100,127,50.658,1462.658,706
100,128,41.721,1453.721,706
100,129,31.538,1443.538,706
100,130,31.659,1443.659,706
100,131,30.308,1442.308,706
100,132,30.516,1442.516,706
100,133,35.704,1447.704,706
100,134,38.054,1450.054,706
100,135,35.664,1447.664,706
100,136,36.014,1448.014,706
100,137,34.319,1446.319,706
100,138,44.047,1456.047,706
100,139,46.838,1458.838,706
100,140,48.508,1460.508,706
100,141,49.344,1461.344,706
100,142,47.674,1459.674,706
100,143,47.533,1459.533,706
100,144,47.424,1459.424,706
100,145,46.910,1458.910,706
100,146,48.453,1460.453,706
100,147,47.125,1459.125,706
100,148,47.563,1459.563,706
100,149,35.187,1447.187,706
100,150,37.009,1449.009,706
100,151,38.845,1450.845,706
100,152,45.354,1457.354,706
100,153,35.611,1447.611,706
100,154,34.610,1446.610,706
100,155,33.799,1445.799,706
100,156,34.301,1446.301,706
100,157,44.634,1456.634,706
100,158,52.442,1464.442,706
100,159,53.054,1465.054,706
100,160,52.224,1464.224,706
100,161,53.901,1465.901,706
100,162,53.131,1465.131,706
100,163,53.526,1465.526,706
100,164,53.760,1465.760,706
100,165,52.197,1464.197,706
100,166,50.659,1462.659,706
100,167,51.736,1463.736,706
100,168,39.611,1451.611,706
100,169,39.105,1451.105,706
100,170,37.942,1449.942,706
100,171,38.388,1450.388,706
100,172,38.505,1450.505,706
100,173,38.758,1450.758,706
100,174,40.568,1452.568,706
100,175,49.149,1461.149,706
100,176,47.045,1459.045,706
100,177,49.403,1461.403,706
100,178,48.713,1460.713,706
100,179,47.655,1459.655,706
100,180,50.188,1462.188,706
100,181,46.833,1458.833,706
100,182,47.700,1459.700,706
100,183,47.418,1459.418,706
100,184,47.411,1459.411,706
100,185,46.941,1458.941,706
100,186,47.282,1459.282,706
100,187,46.877,1458.877,706
100,188,48.693,1460.693,706
100,189,49.054,1461.054,706
100,190,51.608,1463.608,706
100,191,42.731,1454.731,706
100,192,20.196,1432.196,706
100,193,19.922,1431.922,706
100,194,20.095,1432.095,706
100,195,21.217,1433.217,706
100,196,21.445,1433.445,706
100,197,21.539,1433.539,706
100,198,22.179,1434.179,706
100,199,21.053,1433.053,706
100,200,21.979,1433.979,706
100,201,21.485,1433.485,706
100,202,21.358,1433.358,706
100,203,21.208,1433.208,706
100,204,26.878,1438.878,706
100,205,26.769,1438.769,706
100,206,25.983,1437.983,706
100,207,34.811,1446.811,706
100,208,43.908,1455.908,706
100,209,43.502,1455.502,706
100,210,43.000,1455.000,706
100,211,45.012,1457.012,706
100,212,44.442,1456.442,706
100,213,43.782,1455.782,706
100,214,43.928,1455.928,706
100,215,44.257,1456.257,706
100,216,46.998,1458.998,706
100,217,44.492,1456.492,706
100,218,42.288,1454.288,706
100,219,43.751,1455.751,706
100,220,41.304,1453.304,706
100,221,33.861,1445.861,706
100,222,34.512,1446.512,706
100,223,34.019,1446.019,706
100,224,35.414,1447.414,706
100,225,33.743,1445.743,706
100,226,33.252,1445.252,706
100,227,33.435,1445.435,706
100,228,35.038,1447.038,706
100,229,34.286,1446.286,706
100,230,35.034,1447.034,706
100,231,33.662,1445.662,706
100,232,33.686,1445.686,706
100,233,34.205,1446.205,706
100,234,35.723,1447.723,706
100,235,51.749,1463.749,706
100,236,51.075,1463.075,706
100,237,52.352,1464.352,706
100,238,50.275,1462.275,706
100,239,52.507,1464.507,706
100,240,52.602,1464.602,706
100,241,50.837,1462.837,706
100,242,51.086,1463.086,706
100,243,52.148,1464.148,706
100,244,53.660,1465.660,706
100,245,51.946,1463.946,706
100,246,52.764,1464.764,706
100,247,52.468,1464.468,706
100,248,52.838,1464.838,706
100,249,38.629,1450.629,706
100,250,38.858,1450.858,706
100,251,38.858,1450.858,706
100,252,51.067,1463.067,706
100,253,51.534,1463.534,706
100,254,54.378,1466.378,706
100,255,50.350,1462.350,706
100,256,27.341,1439.341,706
100,257,28.235,1440.235,706
100,258,33.259,1445.259,706
100,259,32.723,1444.723,706
100,260,32.368,1444.368,706
100,261,32.472,1444.472,706
100,262,33.702,1445.702,706
100,263,33.705,1445.705,706
100,264,33.423,1445.423,706
100,265,23.381,1435.381,706
100,266,15.963,1427.963,706
100,267,15.888,1427.888,706
100,268,15.857,1427.857,706
100,269,15.978,1427.978,706
100,270,20.205,1432.205,706
100,271,22.894,1434.894,706
100,272,26.342,1438.342,706
100,273,25.169,1437.169,706
100,274,25.347,1437.347,706
100,275,26.111,1438.111,706
100,276,27.644,1439.644,706
100,277,29.685,1441.685,706
100,278,30.950,1442.950,706
100,279,37.955,1449.955,706
100,280,40.656,1452.656,706
100,281,40.944,1452.944,706
100,282,41.095,1453.095,706
100,283,48.222,1460.222,706
100,284,36.631,1448.631,706
100,285,28.006,1440.006,706
100,286,31.019,1443.019,706
100,287,32.119,1444.119,706
100,288,31.521,1443.521,706
100,289,32.064,1444.064,706
100,290,31.680,1443.680,706
100,291,34.067,1446.067,706
100,292,32.512,1444.512,706
100,293,32.071,1444.071,706
100,294,31.832,1443.832,706
100,295,32.170,1444.170,706
100,296,31.609,1443.609,706
100,297,32.648,1444.648,706
100,298,34.933,1446.933,706
100,299,39.228,1451.228,706
100,300,38.316,1450.316,706
100,301,38.168,1450.168,706
100,302,40.852,1452.852,706
100,303,47.784,1459.784,706
100,304,48.873,1460.873,706
100,305,47.110,1459.110,706
100,306,47.567,1459.567,706
100,307,46.261,1458.261,706
100,308,47.263,1459.263,706
100,309,48.563,1460.563,706
100,310,48.680,1460.680,706
100,311,47.542,1459.542,706
100,312,47.558,1459.558,706
100,313,47.765,1459.765,706
100,314,48.303,1460.303,706
100,315,44.592,1456.592,706
100,316,47.433,1459.433,706
100,317,47.218,1459.218,706
100,318,49.373,1461.373,706
100,319,47.841,1459.841,706
100,320,46.783,1458.783,706
100,321,48.881,1460.881,706
100,322,47.998,1459.998,706
100,323,46.752,1458.752,706
100,324,47.873,1459.873,706
100,325,47.474,1459.474,706
100,326,48.270,1460.270,706
100,327,47.522,1459.522,706
100,328,46.676,1458.676,706
100,329,28.050,1440.050,706
100,330,28.698,1440.698,706
100,331,34.226,1446.226,706
100,332,40.125,1452.125,706
100,333,40.452,1452.452,706
100,334,39.901,1451.901,706
100,335,39.890,1451.890,706
100,336,40.488,1452.488,706
100,337,42.648,1454.648,706
100,338,50.456,1462.456,706
100,339,52.767,1464.767,706
100,340,51.855,1463.855,706
100,341,50.875,1462.875,706
100,342,51.150,1463.150,706
100,343,52.326,1464.326,706
100,344,52.985,1464.985,706
100,345,51.285,1463.285,706
100,346,53.470,1465.470,706
100,347,53.088,1465.088,706
100,348,52.244,1464.244,706
100,349,52.208,1464.208,706
100,350,52.241,1464.241,706
100,351,52.785,1464.785,706
100,352,47.849,1459.849,706
100,353,47.830,1459.830,706
100,354,46.538,1458.538,706
100,355,46.956,1458.956,706
100,356,47.520,1459.520,706
100,357,46.628,1458.628,706
100,358,45.328,1457.328,706
100,359,35.729,1447.729,706
100,360,36.719,1448.719,706
100,361,35.980,1447.980,706
100,362,43.174,1455.174,706
100,363,44.174,1456.174,706
100,364,44.567,1456.567,706
100,365,21.599,1433.599,706
100,366,14.806,1426.806,706
100,367,14.366,1426.366,706
100,368,14.365,1426.365,706
100,369,15.107,1427.107,706
100,370,14.570,1426.570,706
100,371,14.305,1426.305,706
100,372,15.773,1427.773,706
100,373,22.384,1434.384,706
100,374,28.327,1440.327,706
100,375,33.773,1445.773,706
100,376,34.926,1446.926,706
100,377,36.103,1448.103,706
100,378,46.687,1458.687,706
100,379,51.006,1463.006,706
100,380,50.783,1462.783,706
100,381,52.289,1464.289,706
100,382,52.611,1464.611,706
100,383,52.891,1464.891,706
100,384,48.542,1460.542,706
100,385,27.703,1439.703,706
100,386,27.074,1439.074,706
100,387,27.507,1439.507,706
100,388,27.538,1439.538,706
100,389,28.147,1440.147,706
100,390,28.168,1440.168,706
100,391,28.075,1440.075,706
100,392,26.985,1438.985,706
100,393,27.790,1439.790,706
100,394,27.397,1439.397,706
100,395,27.294,1439.294,706
100,396,27.285,1439.285,706
100,397,27.127,1439.127,706
100,398,27.739,1439.739,706
100,399,28.092,1440.092,706
100,400,27.586,1439.586,706
100,401,29.130,1441.130,706
100,402,28.921,1440.921,706
100,403,27.768,1439.768,706
100,404,28.729,1440.729,706
100,405,27.154,1439.154,706
100,406,27.441,1439.441,706
100,407,31.871,1443.871,706
100,408,32.260,1444.260,706
100,409,31.582,1443.582,706
100,410,32.924,1444.924,706
100,411,32.489,1444.489,706
100,412,35.605,1447.605,706
100,413,38.098,1450.098,706
100,414,43.282,1455.282,706
100,415,47.660,1459.660,706
100,416,51.619,1463.619,706
100,417,50.780,1462.780,706
100,418,50.927,1462.927,706
100,419,51.290,1463.290,706
100,420,50.630,1462.630,706
100,421,29.746,1441.746,706
100,422,30.996,1442.996,706
100,423,30.093,1442.093,706
100,424,31.297,1443.297,706
100,425,29.931,1441.931,706
100,426,29.853,1441.853,706
100,427,31.277,1443.277,706
100,428,30.832,1442.832,706
100,429,31.199,1443.199,706
100,430,31.354,1443.354,706
100,431,31.147,1443.147,706
100,432,30.644,1442.644,706
100,433,29.331,1441.331,706
100,434,31.005,1443.005,706
100,435,29.633,1441.633,706
100,436,29.631,1441.631,706
100,437,32.526,1444.526,706
100,438,36.456,1448.456,706
100,439,35.888,1447.888,706
100,440,36.465,1448.465,706
100,441,36.839,1448.839,706
100,442,36.717,1448.717,706
100,443,36.589,1448.589,706
100,444,36.707,1448.707,706
100,445,36.344,1448.344,706
100,446,35.085,1447.085,706
100,447,35.573,1447.573,706
100,448,36.517,1448.517,706
100,449,35.763,1447.763,706
100,450,35.638,1447.638,706
100,451,39.744,1451.744,706
100,452,44.767,1456.767,706
100,453,44.486,1456.486,706
100,454,44.318,1456.318,706
100,455,45.234,1457.234,706
100,456,44.023,1456.023,706
100,457,24.828,1436.828,706
100,458,14.512,1426.512,706
100,459,13.114,1425.114,706
100,460,13.386,1425.386,706
100,461,13.169,1425.169,706
100,462,13.609,1425.609,706
100,463,13.024,1425.024,706
100,464,13.062,1425.062,706
100,465,13.308,1425.308,706
100,466,12.987,1424.987,706
100,467,13.523,1425.523,706
100,468,13.262,1425.262,706
100,469,13.965,1425.965,706
100,470,15.070,1427.070,706
100,471,19.072,1431.072,706
100,472,19.736,1431.736,706
100,473,21.379,1433.379,706
100,474,24.932,1436.932,706
100,475,25.670,1437.670,706
100,476,29.277,1441.277,706
100,477,31.335,1443.335,706
100,478,30.415,1442.415,706
100,479,30.847,1442.847,706
100,480,30.665,1442.665,706
100,481,30.934,1442.934,706
100,482,30.062,1442.062,706
100,483,30.028,1442.028,706
100,484,30.436,1442.436,706
100,485,31.296,1443.296,706
100,486,32.219,1444.219,706
100,487,22.510,1434.510,706
100,488,16.468,1428.468,706
100,489,14.777,1426.777,706
100,490,14.115,1426.115,706
100,491,12.810,1424.810,706
100,492,13.123,1425.123,706
100,493,13.358,1425.358,706
100,494,13.321,1425.321,706
100,495,14.641,1426.641,706
100,496,16.606,1428.606,706
100,497,14.743,1426.743,706
100,498,13.577,1425.577,706
100,499,13.593,1425.593,706
100,500,13.468,1425.468,706
250,1,17.995,1729.995,856
250,2,18.906,1730.906,856
250,3,19.211,1731.211,856
250,4,21.535,1733.535,856
250,5,25.131,1737.131,856
250,6,29.891,1741.891,856
250,7,35.229,1747.229,856
250,8,48.901,1760.901,856
250,9,61.739,1773.739,856
250,10,59.387,1771.387,856
250,11,60.648,1772.648,856
250,12,61.675,1773.675,856
250,13,59.632,1771.632,856
250,14,30.907,1742.907,856
250,15,21.921,1733.921,856
250,16,20.760,1732.760,856
250,17,20.779,1732.779,856
250,18,22.624,1734.624,856
250,19,23.000,1735.000,856
250,20,25.182,1737.182,856
250,21,24.265,1736.265,856
250,22,23.432,1735.432,856
250,23,24.152,1736.152,856
250,24,24.396,1736.396,856
250,25,24.758,1736.758,856
250,26,32.253,1744.253,856
250,27,35.214,1747.214,856
250,28,34.934,1746.934,856
250,29,34.106,1746.106,856
250,30,37.375,1749.375,856
250,31,38.929,1750.929,856
250,32,38.677,1750.677,856
250,33,40.473,1752.473,856
250,34,39.429,1751.429,856
250,35,40.906,1752.906,856
250,36,40.641,1752.641,856
250,37,40.627,1752.627,856
250,38,40.530,1752.530,856
250,39,52.947,1764.947,856
250,40,62.007,1774.007,856
250,41,64.280,1776.280,856
250,42,65.524,1777.524,856
250,43,66.754,1778.754,856
250,44,66.220,1778.220,856
250,45,63.682,1775.682,856
250,46,46.886,1758.886,856
250,47,45.361,1757.361,856
250,48,44.795,1756.795,856
250,49,45.881,1757.881,856
250,50,45.438,1757.438,856
250,51,48.344,1760.344,856
250,52,46.942,1758.942,856
250,53,56.548,1768.548,856
250,54,30.960,1742.960,856
250,55,30.332,1742.332,856
250,56,32.709,1744.709,856
250,57,59.702,1771.702,856
250,58,62.285,1774.285,856
250,59,60.158,1772.158,856
250,60,62.442,1774.442,856
250,61,61.607,1773.607,856
250,62,58.516,1770.516,856
250,63,44.644,1756.644,856
250,64,45.082,1757.082,856
250,65,45.304,1757.304,856
250,66,46.032,1758.032,856
250,67,45.891,1757.891,856
250,68,36.943,1748.943,856
250,69,35.497,1747.497,856
250,70,36.696,1748.696,856
250,71,38.338,1750.338,856
250,72,42.783,1754.783,856
250,73,43.434,1755.434,856
250,74,42.695,1754.695,856
250,75,43.483,1755.483,856
250,76,48.637,1760.637,856
250,77,52.385,1764.385,856
250,78,50.979,1762.979,856
250,79,53.225,1765.225,856
250,80,50.861,1762.861,856
250,81,53.928,1765.928,856
250,82,53.332,1765.332,856
250,83,52.014,1764.014,856
250,84,51.918,1763.918,856
250,85,52.520,1764.520,856
250,86,52.415,1764.415,856
250,87,52.132,1764.132,856
250,88,51.821,1763.821,856
250,89,52.835,1764.835,856
250,90,53.016,1765.016,856
250,91,50.582,1762.582,856
250,92,52.012,1764.012,856
250,93,52.631,1764.631,856
250,94,53.196,1765.196,856
250,95,52.876,1764.876,856
250,96,51.780,1763.780,856
250,97,53.146,1765.146,856
250,98,53.064,1765.064,856
250,99,51.624,1763.624,856
250,100,51.399,1763.399,856
250,101,52.354,1764.354,856
250,102,48.568,1760.568,856
250,103,40.630,1752.630,856
250,104,39.973,1751.973,856
250,105,40.293,1752.293,856
250,106,25.204,1737.204,856
250,107,19.343,1731.343,856
250,108,19.481,1731.481,856
250,109,22.956,1734.956,856
250,110,25.106,1737.106,856
250,111,25.157,1737.157,856
250,112,30.999,1742.999,856
250,113,34.473,1746.473,856
250,114,43.666,1755.666,856
250,115,42.133,1754.133,856
250,116,42.426,1754.426,856
250,117,31.922,1743.922,856
250,118,34.039,1746.039,856
250,119,38.413,1750.413,856
250,120,43.389,1755.389,856
250,121,45.974,1757.974,856
250,122,45.704,1757.704,856
250,123,45.070,1757.070,856
250,124,46.611,1758.611,856
250,125,45.800,1757.800,856
250,126,45.493,1757.493,856
250,127,46.571,1758.571,856
250,128,44.950,1756.950,856
250,129,46.090,1758.090,856
250,130,44.937,1756.937,856
250,131,45.845,1757.845,856
250,132,51.878,1763.878,856
250,133,56.841,1768.841,856
250,134,57.148,1769.148,856
250,135,55.455,1767.455,856
250,136,57.632,1769.632,856
250,137,55.774,1767.774,856
250,138,56.585,1768.585,856
250,139,54.380,1766.380,856
250,140,42.970,1754.970,856
250,141,43.354,1755.354,856
250,142,42.067,1754.067,856
250,143,41.349,1753.349,856
250,144,43.373,1755.373,856
250,145,41.489,1753.489,856
250,146,42.856,1754.856,856
250,147,44.354,1756.354,856
250,148,42.210,1754.210,856
250,149,43.006,1755.006,856
250,150,43.278,1755.278,856
250,151,43.132,1755.132,856
250,152,42.657,1754.657,856
250,153,42.163,1754.163,856
250,154,43.412,1755.412,856
250,155,43.552,1755.552,856
250,156,43.600,1755.600,856
250,157,41.455,1753.455,856
250,158,50.023,1762.023,856
250,159,52.626,1764.626,856
250,160,58.961,1770.961,856
250,161,61.963,1773.963,856
250,162,60.939,1772.939,856
250,163,65.279,1777.279,856
250,164,57.535,1769.535,856
250,165,29.680,1741.680,856
250,166,30.608,1742.608,856
250,167,29.403,1741.403,856
250,168,30.121,1742.121,856
250,169,31.334,1743.334,856
250,170,37.372,1749.372,856
250,171,55.800,1767.800,856
250,172,60.522,1772.522,856
250,173,62.585,1774.585,856
250,174,59.767,1771.767,856
250,175,44.867,1756.867,856
250,176,44.724,1756.724,856
250,177,45.667,1757.667,856
250,178,45.803,1757.803,856
250,179,47.517,1759.517,856
250,180,44.487,1756.487,856
250,181,46.430,1758.430,856
250,182,44.901,1756.901,856
250,183,45.638,1757.638,856
250,184,44.949,1756.949,856
250,185,46.590,1758.590,856
250,186,45.626,1757.626,856
250,187,44.107,1756.107,856
250,188,46.337,1758.337,856
250,189,45.204,1757.204,856
250,190,45.530,1757.530,856
250,191,50.086,1762.086,856
250,192,61.708,1773.708,856
250,193,61.202,1773.202,856
250,194,59.095,1771.095,856
250,195,59.306,1771.306,856
250,196,44.407,1756.407,856
250,197,43.203,1755.203,856
250,198,43.358,1755.358,856
250,199,33.589,1745.589,856
250,200,34.946,1746.946,856
250,201,37.422,1749.422,856
250,202,38.222,1750.222,856
250,203,39.020,1751.020,856
250,204,43.581,1755.581,856
250,205,56.098,1768.098,856
250,206,55.279,1767.279,856
250,207,55.669,1767.669,856
250,208,57.486,1769.486,856
250,209,55.167,1767.167,856
250,210,58.446,1770.446,856
250,211,56.782,1768.782,856
250,212,55.407,1767.407,856
250,213,55.077,1767.077,856
250,214,57.039,1769.039,856
250,215,57.526,1769.526,856
250,216,47.467,1759.467,856
250,217,21.602,1733.602,856
250,218,19.628,1731.628,856
250,219,19.267,1731.267,856
250,220,19.493,1731.493,856
250,221,19.118,1731.118,856
250,222,22.982,1734.982,856
250,223,26.209,1738.209,856
250,224,29.166,1741.166,856
250,225,28.384,1740.384,856
250,226,34.027,1746.027,856
250,227,32.401,1744.401,856
250,228,32.393,1744.393,856
250,229,33.092,1745.092,856
250,230,33.385,1745.385,856
250,231,54.230,1766.230,856
250,232,61.579,1773.579,856
250,233,60.571,1772.571,856
250,234,60.199,1772.199,856
250,235,36.729,1748.729,856
250,236,39.051,1751.051,856
250,237,41.536,1753.536,856
250,238,58.106,1770.106,856
250,239,62.712,1774.712,856
250,240,60.233,1772.233,856
250,241,55.443,1767.443,856
250,242,36.468,1748.468,856
250,243,36.786,1748.786,856
250,244,35.277,1747.277,856
250,245,36.076,1748.076,856
250,246,36.208,1748.208,856
250,247,37.179,1749.179,856
250,248,38.953,1750.953,856
250,249,41.951,1753.951,856
250,250,45.234,1757.234,856
250,251,52.584,1764.584,856
250,252,51.863,1763.863,856
250,253,52.686,1764.686,856
250,254,56.399,1768.399,856
250,255,55.230,1767.230,856
250,256,33.866,1745.866,856
250,257,35.073,1747.073,856
250,258,34.124,1746.124,856
250,259,34.800,1746.800,856
250,260,35.611,1747.611,856
250,261,34.915,1746.915,856
250,262,34.263,1746.263,856
250,263,34.472,1746.472,856
250,264,33.369,1745.369,856
250,265,37.168,1749.168,856
250,266,40.451,1752.451,856
250,267,39.441,1751.441,856
250,268,47.330,1759.330,856
250,269,49.604,1761.604,856
250,270,49.471,1761.471,856
250,271,49.809,1761.809,856
250,272,48.614,1760.614,856
250,273,47.284,1759.284,856
250,274,48.672,1760.672,856
250,275,48.690,1760.690,856
250,276,48.582,1760.582,856
250,277,47.760,1759.760,856
250,278,47.497,1759.497,856
250,279,47.838,1759.838,856
250,280,53.837,1765.837,856
250,281,54.925,1766.925,856
250,282,56.522,1768.522,856
250,283,56.454,1768.454,856
250,284,56.561,1768.561,856
250,285,56.933,1768.933,856
250,286,56.031,1768.031,856
250,287,56.147,1768.147,856
250,288,38.967,1750.967,856
250,289,29.571,1741.571,856
250,290,30.282,1742.282,856
250,291,28.880,1740.880,856
250,292,28.977,1740.977,856
250,293,29.989,1741.989,856
250,294,29.559,1741.559,856
250,295,28.928,1740.928,856
250,296,30.847,1742.847,856
250,297,32.453,1744.453,856
250,298,37.204,1749.204,856
250,299,37.852,1749.852,856
250,300,45.477,1757.477,856
250,301,46.320,1758.320,856
250,302,53.549,1765.549,856
250,303,59.590,1771.590,856
250,304,61.898,1773.898,856
250,305,63.244,1775.244,856
250,306,55.215,1767.215,856
250,307,57.831,1769.831,856
250,308,57.089,1769.089,856
250,309,55.453,1767.453,856
250,310,58.308,1770.308,856
250,311,54.804,1766.804,856
250,312,44.926,1756.926,856
250,313,52.717,1764.717,856
250,314,52.295,1764.295,856
250,315,51.328,1763.328,856
250,316,53.179,1765.179,856
250,317,53.711,1765.711,856
250,318,52.769,1764.769,856
250,319,51.560,1763.560,856
250,320,51.673,1763.673,856
250,321,54.497,1766.497,856
250,322,51.586,1763.586,856
250,323,54.175,1766.175,856
250,324,60.134,1772.134,856
250,325,60.664,1772.664,856
250,326,62.283,1774.283,856
250,327,62.730,1774.730,856
250,328,60.900,1772.900,856
250,329,59.665,1771.665,856
250,330,45.525,1757.525,856
250,331,47.986,1759.986,856
250,332,55.133,1767.133,856
250,333,32.185,1744.185,856
250,334,32.985,1744.985,856
250,335,35.580,1747.580,856
250,336,38.668,1750.668,856
250,337,38.541,1750.541,856
250,338,36.988,1748.988,856
250,339,44.504,1756.504,856
250,340,46.521,1758.521,856
250,341,48.837,1760.837,856
250,342,57.016,1769.016,856
250,343,55.419,1767.419,856
250,344,57.799,1769.799,856
250,345,54.744,1766.744,856
250,346,56.498,1768.498,856
250,347,55.464,1767.464,856
250,348,57.569,1769.569,856
250,349,57.275,1769.275,856
250,350,57.270,1769.270,856
250,351,58.056,1770.056,856
250,352,62.821,1774.821,856
250,353,36.776,1748.776,856
250,354,41.454,1753.454,856
250,355,42.241,1754.241,856
250,356,44.225,1756.225,856
250,357,42.737,1754.737,856
250,358,42.199,1754.199,856
250,359,42.366,1754.366,856
250,360,37.999,1749.999,856
250,361,19.216,1731.216,856
250,362,17.915,1729.915,856
250,363,17.720,1729.720,856
250,364,17.540,1729.540,856
250,365,17.771,1729.771,856
250,366,18.174,1730.174,856
250,367,22.851,1734.851,856
250,368,24.964,1736.964,856
250,369,26.100,1738.100,856
250,370,41.968,1753.968,856
250,371,51.235,1763.235,856
250,372,52.223,1764.223,856
250,373,50.214,1762.214,856
250,374,52.345,1764.345,856
250,375,51.231,1763.231,856
250,376,51.327,1763.327,856
250,377,52.154,1764.154,856
250,378,47.934,1759.934,856
250,379,16.222,1728.222,856
250,380,15.983,1727.983,856
250,381,20.562,1732.562,856
250,382,30.362,1742.362,856
250,383,31.898,1743.898,856
250,384,37.644,1749.644,856
250,385,39.098,1751.098,856
250,386,42.665,1754.665,856
250,387,42.636,1754.636,856
250,388,42.151,1754.151,856
250,389,42.736,1754.736,856
250,390,42.044,1754.044,856
250,391,41.587,1753.587,856
250,392,52.905,1764.905,856
250,393,46.824,1758.824,856
250,394,44.472,1756.472,856
250,395,46.273,1758.273,856
250,396,45.371,1757.371,856
250,397,44.881,1756.881,856
250,398,44.621,1756.621,856
250,399,45.494,1757.494,856
250,400,45.935,1757.935,856
250,401,45.473,1757.473,856
250,402,49.238,1761.238,856
250,403,55.741,1767.741,856
250,404,54.706,1766.706,856
250,405,61.874,1773.874,856
250,406,56.560,1768.560,856
250,407,56.638,1768.638,856
250,408,56.080,1768.080,856
250,409,52.299,1764.299,856
250,410,33.768,1745.768,856
250,411,36.307,1748.307,856
250,412,57.239,1769.239,856
250,413,62.695,1774.695,856
250,414,60.418,1772.418,856
250,415,63.309,1775.309,856
250,416,62.070,1774.070,856
250,417,60.181,1772.181,856
250,418,56.382,1768.382,856
250,419,52.617,1764.617,856
250,420,46.137,1758.137,856
250,421,52.950,1764.950,856
250,422,51.902,1763.902,856
250,423,52.408,1764.408,856
250,424,51.364,1763.364,856
250,425,51.207,1763.207,856
250,426,51.203,1763.203,856
250,427,51.444,1763.444,856
250,428,51.413,1763.413,856
250,429,51.759,1763.759,856
250,430,50.581,1762.581,856
250,431,53.888,1765.888,856
250,432,52.714,1764.714,856
250,433,52.528,1764.528,856
250,434,52.648,1764.648,856
250,435,50.568,1762.568,856
250,436,50.039,1762.039,856
250,437,40.044,1752.044,856
250,438,40.734,1752.734,856
250,439,42.636,1754.636,856
250,440,48.048,1760.048,856
250,441,55.070,1767.070,856
250,442,62.171,1774.171,856
250,443,51.032,1763.032,856
250,444,18.286,1730.286,856
250,445,16.100,1728.100,856
250,446,16.047,1728.047,856
250,447,16.702,1728.702,856
250,448,19.115,1731.115,856
250,449,21.576,1733.576,856
250,450,25.248,1737.248,856
250,451,28.330,1740.330,856
250,452,27.769,1739.769,856
250,453,29.629,1741.629,856
250,454,33.067,1745.067,856
250,455,37.868,1749.868,856
250,456,50.131,1762.131,856
250,457,51.585,1763.585,856
250,458,53.131,1765.131,856
250,459,50.430,1762.430,856
250,460,51.804,1763.804,856
250,461,54.036,1766.036,856
250,462,52.175,1764.175,856
250,463,52.679,1764.679,856
250,464,49.394,1761.394,856
250,465,40.650,1752.650,856
250,466,57.515,1769.515,856
250,467,59.313,1771.313,856
250,468,51.391,1763.391,856
250,469,58.085,1770.085,856
250,470,26.688,1738.688,856
250,471,21.693,1733.693,856
250,472,25.090,1737.090,856
250,473,26.699,1738.699,856
250,474,29.053,1741.053,856
250,475,29.151,1741.151,856
250,476,30.249,1742.249,856
250,477,32.558,1744.558,856
250,478,34.612,1746.612,856
250,479,31.816,1743.816,856
250,480,32.603,1744.603,856
250,481,37.730,1749.730,856
250,482,58.001,1770.001,856
250,483,58.837,1770.837,856
250,484,59.855,1771.855,856
250,485,60.225,1772.225,856
250,486,59.456,1771.456,856
250,487,61.177,1773.177,856
250,488,59.124,1771.124,856
250,489,44.413,1756.413,856
250,490,44.019,1756.019,856
250,491,44.511,1756.511,856
250,492,48.633,1760.633,856
250,493,34.617,1746.617,856
250,494,16.249,1728.249,856
250,495,15.135,1727.135,856
250,496,15.796,1727.796,856
250,497,15.305,1727.305,856
250,498,15.429,1727.429,856
250,499,15.562,1727.562,856
250,500,15.612,1727.612,856
10,1,37.324,3753.324,1858
10,2,34.098,3750.098,1858
10,3,42.503,3758.503,1858
10,4,46.713,3762.713,1858
10,5,64.083,3780.083,1858
10,6,71.869,3787.869,1858
10,7,70.476,3786.476,1858
10,8,76.294,3792.294,1858
10,9,84.970,3800.970,1858
10,10,99.617,3815.617,1858
10,11,61.863,3777.863,1858
10,12,78.856,3794.856,1858
10,13,81.160,3797.160,1858
10,14,82.451,3798.451,1858
10,15,82.791,3798.791,1858
10,16,115.112,3831.112,1858
10,17,74.058,3790.058,1858
10,18,53.722,3769.722,1858
10,19,72.625,3788.625,1858
10,20,131.490,3847.490,1858
10,21,49.538,3765.538,1858
10,22,46.928,3762.928,1858
10,23,49.253,3765.253,1858
10,24,51.301,3767.301,1858
10,25,54.629,3770.629,1858
10,26,72.003,3788.003,1858
10,27,75.679,3791.679,1858
10,28,71.701,3787.701,1858
10,29,51.723,3767.723,1858
10,30,43.482,3759.482,1858
10,31,46.520,3762.520,1858
10,32,56.502,3772.502,1858
10,33,60.194,3776.194,1858
10,34,66.144,3782.144,1858
10,35,67.235,3783.235,1858
10,36,66.436,3782.436,1858
10,37,56.819,3772.819,1858
10,38,67.685,3783.685,1858
10,39,75.757,3791.757,1858
10,40,75.022,3791.022,1858
10,41,73.272,3789.272,1858
10,42,75.704,3791.704,1858
10,43,74.948,3790.948,1858
10,44,88.479,3804.479,1858
10,45,87.690,3803.690,1858
10,46,116.846,3832.846,1858
10,47,108.949,3824.949,1858
10,48,86.167,3802.167,1858
10,49,88.361,3804.361,1858
10,50,82.779,3798.779,1858
10,51,76.931,3792.931,1858
10,52,82.518,3798.518,1858
10,53,82.598,3798.598,1858
10,54,83.592,3799.592,1858
10,55,82.886,3798.886,1858
10,56,97.451,3813.451,1858
10,57,70.595,3786.595,1858
10,58,71.922,3787.922,1858
10,59,71.582,3787.582,1858
10,60,71.827,3787.827,1858
10,61,67.272,3783.272,1858
10,62,40.252,3756.252,1858
10,63,47.752,3763.752,1858
10,64,58.858,3774.858,1858
10,65,59.145,3775.145,1858
10,66,70.703,3786.703,1858
10,67,79.893,3795.893,1858
10,68,79.609,3795.609,1858
10,69,77.548,3793.548,1858
10,70,78.515,3794.515,1858
10,71,77.795,3793.795,1858
10,72,87.380,3803.380,1858
10,73,72.551,3788.551,1858
10,74,53.301,3769.301,1858
10,75,53.744,3769.744,1858
10,76,53.583,3769.583,1858
10,77,60.133,3776.133,1858
10,78,59.359,3775.359,1858
10,79,66.245,3782.245,1858
10,80,79.109,3795.109,1858
10,81,83.852,3799.852,1858
10,82,63.641,3779.641,1858
10,83,77.497,3793.497,1858
10,84,68.016,3784.016,1858
10,85,90.383,3806.383,1858
10,86,111.400,3827.400,1858
10,87,115.813,3831.813,1858
10,88,89.252,3805.252,1858
10,89,89.101,3805.101,1858
10,90,101.621,3817.621,1858
10,91,102.865,3818.865,1858
10,92,85.028,3801.028,1858
10,93,83.971,3799.971,1858
10,94,84.624,3800.624,1858
10,95,93.278,3809.278,1858
10,96,96.456,3812.456,1858
10,97,78.664,3794.664,1858
10,98,89.836,3805.836,1858
10,99,85.989,3801.989,1858
10,100,46.934,3762.934,1858
10,101,47.194,3763.194,1858
10,102,56.337,3772.337,1858
10,103,66.516,3782.516,1858
10,104,67.315,3783.315,1858
10,105,68.063,3784.063,1858
10,106,75.098,3791.098,1858
10,107,78.082,3794.082,1858
10,108,41.022,3757.022,1858
10,109,61.771,3777.771,1858
10,110,64.654,3780.654,1858
10,111,60.971,3776.971,1858
10,112,32.990,3748.990,1858
10,113,41.974,3757.974,1858
10,114,46.728,3762.728,1858
10,115,66.449,3782.449,1858
10,116,81.724,3797.724,1858
10,117,101.410,3817.410,1858
10,118,77.882,3793.882,1858
10,119,41.081,3757.081,1858
10,120,41.266,3757.266,1858
10,121,42.546,3758.546,1858
10,122,46.175,3762.175,1858
10,123,49.813,3765.813,1858
10,124,67.564,3783.564,1858
10,125,98.568,3814.568,1858
10,126,116.332,3832.332,1858
10,127,55.362,3771.362,1858
10,128,57.334,3773.334,1858
10,129,63.865,3779.865,1858
10,130,77.275,3793.275,1858
10,131,74.541,3790.541,1858
10,132,79.413,3795.413,1858
10,133,44.103,3760.103,1858
10,134,43.755,3759.755,1858
10,135,45.519,3761.519,1858
10,136,33.726,3749.726,1858
10,137,34.592,3750.592,1858
10,138,32.049,3748.049,1858
10,139,35.060,3751.060,1858
10,140,36.925,3752.925,1858
10,141,42.055,3758.055,1858
10,142,70.725,3786.725,1858
10,143,62.095,3778.095,1858
10,144,67.520,3783.520,1858
10,145,71.607,3787.607,1858
10,146,72.830,3788.830,1858
10,147,69.083,3785.083,1858
10,148,45.637,3761.637,1858
10,149,47.022,3763.022,1858
10,150,53.976,3769.976,1858
10,151,66.196,3782.196,1858
10,152,70.230,3786.230,1858
10,153,70.411,3786.411,1858
10,154,76.340,3792.340,1858
10,155,69.292,3785.292,1858
10,156,69.993,3785.993,1858
10,157,79.830,3795.830,1858
10,158,47.173,3763.173,1858
10,159,51.497,3767.497,1858
10,160,57.688,3773.688,1858
10,161,59.683,3775.683,1858
10,162,64.180,3780.180,1858
10,163,90.201,3806.201,1858
10,164,43.329,3759.329,1858
10,165,42.589,3758.589,1858
10,166,46.122,3762.122,1858
10,167,50.052,3766.052,1858
10,168,51.524,3767.524,1858
10,169,58.169,3774.169,1858
10,170,63.663,3779.663,1858
10,171,52.078,3768.078,1858
10,172,33.125,3749.125,1858
10,173,31.845,3747.845,1858
10,174,32.144,3748.144,1858
10,175,33.124,3749.124,1858
10,176,33.365,3749.365,1858
10,177,39.967,3755.967,1858
10,178,42.982,3758.982,1858
10,179,72.909,3788.909,1858
10,180,100.004,3816.004,1858
10,181,86.217,3802.217,1858
10,182,83.089,3799.089,1858
10,183,83.574,3799.574,1858
10,184,85.203,3801.203,1858
10,185,81.051,3797.051,1858
10,186,77.894,3793.894,1858
10,187,94.328,3810.328,1858
10,188,94.127,3810.127,1858
10,189,91.885,3807.885,1858
10,190,76.706,3792.706,1858
10,191,74.656,3790.656,1858
10,192,79.594,3795.594,1858
10,193,90.302,3806.302,1858
10,194,100.270,3816.270,1858
10,195,54.397,3770.397,1858
10,196,78.432,3794.432,1858
10,197,78.535,3794.535,1858
10,198,79.569,3795.569,1858
10,199,82.068,3798.068,1858
10,200,34.398,3750.398,1858
10,201,33.246,3749.246,1858
10,202,35.543,3751.543,1858
10,203,37.170,3753.170,1858
10,204,49.995,3765.995,1858
10,205,57.291,3773.291,1858
10,206,68.914,3784.914,1858
10,207,75.365,3791.365,1858
10,208,73.466,3789.466,1858
10,209,74.787,3790.787,1858
10,210,77.975,3793.975,1858
10,211,80.432,3796.432,1858
10,212,35.910,3751.910,1858
10,213,32.420,3748.420,1858
10,214,35.814,3751.814,1858
10,215,38.785,3754.785,1858
10,216,40.109,3756.109,1858
10,217,46.665,3762.665,1858
10,218,73.827,3789.827,1858
10,219,88.464,3804.464,1858
10,220,44.905,3760.905,1858
10,221,50.558,3766.558,1858
10,222,59.611,3775.611,1858
10,223,66.758,3782.758,1858
10,224,68.365,3784.365,1858
10,225,67.431,3783.431,1858
10,226,65.409,3781.409,1858
10,227,50.104,3766.104,1858
10,228,52.889,3768.889,1858
10,229,81.667,3797.667,1858
10,230,64.173,3780.173,1858
10,231,64.422,3780.422,1858
10,232,75.875,3791.875,1858
10,233,90.602,3806.602,1858
10,234,55.187,3771.187,1858
10,235,32.689,3748.689,1858
10,236,34.787,3750.787,1858
10,237,42.985,3758.985,1858
10,238,47.306,3763.306,1858
10,239,51.443,3767.443,1858
10,240,54.499,3770.499,1858
10,241,68.557,3784.557,1858
10,242,76.210,3792.210,1858
10,243,75.579,3791.579,1858
10,244,95.810,3811.810,1858
10,245,82.454,3798.454,1858
10,246,83.288,3799.288,1858
10,247,83.105,3799.105,1858
10,248,97.098,3813.098,1858
10,249,79.767,3795.767,1858
10,250,80.432,3796.432,1858
10,251,95.110,3811.110,1858
10,252,45.459,3761.459,1858
10,253,54.660,3770.660,1858
10,254,61.174,3777.174,1858
10,255,76.321,3792.321,1858
10,256,82.393,3798.393,1858
10,257,74.440,3790.440,1858
10,258,39.492,3755.492,1858
10,259,44.581,3760.581,1858
10,260,57.978,3773.978,1858
10,261,65.469,3781.469,1858
10,262,64.530,3780.530,1858
10,263,70.330,3786.330,1858
10,264,75.984,3791.984,1858
10,265,103.489,3819.489,1858
10,266,109.661,3825.661,1858
10,267,105.045,3821.045,1858
10,268,82.822,3798.822,1858
10,269,84.647,3800.647,1858
10,270,79.007,3795.007,1858
10,271,50.166,3766.166,1858
10,272,49.499,3765.499,1858
10,273,49.352,3765.352,1858
10,274,59.254,3775.254,1858
10,275,75.683,3791.683,1858
10,276,82.579,3798.579,1858
10,277,83.602,3799.602,1858
10,278,68.690,3784.690,1858
10,279,72.032,3788.032,1858
10,280,78.407,3794.407,1858
10,281,92.213,3808.213,1858
10,282,90.292,3806.292,1858
10,283,87.565,3803.565,1858
10,284,105.331,3821.331,1858
10,285,71.697,3787.697,1858
10,286,72.389,3788.389,1858
10,287,69.590,3785.590,1858
10,288,58.276,3774.276,1858
10,289,66.658,3782.658,1858
10,290,78.449,3794.449,1858
10,291,70.094,3786.094,1858
10,292,34.045,3750.045,1858
10,293,32.526,3748.526,1858
10,294,36.293,3752.293,1858
10,295,44.234,3760.234,1858
10,296,58.035,3774.035,1858
10,297,63.595,3779.595,1858
10,298,64.011,3780.011,1858
10,299,48.013,3764.013,1858
10,300,75.071,3791.071,1858
10,301,50.974,3766.974,1858
10,302,81.887,3797.887,1858
10,303,45.282,3761.282,1858
10,304,50.782,3766.782,1858
10,305,54.316,3770.316,1858
10,306,54.499,3770.499,1858
10,307,60.451,3776.451,1858
10,308,71.190,3787.190,1858
10,309,86.192,3802.192,1858
10,310,98.133,3814.133,1858
10,311,89.844,3805.844,1858
10,312,93.118,3809.118,1858
10,313,93.780,3809.780,1858
10,314,91.358,3807.358,1858
10,315,78.009,3794.009,1858
10,316,89.202,3805.202,1858
10,317,95.509,3811.509,1858
10,318,48.378,3764.378,1858
10,319,46.005,3762.005,1858
10,320,58.799,3774.799,1858
10,321,67.707,3783.707,1858
10,322,58.120,3774.120,1858
10,323,33.619,3749.619,1858
10,324,32.797,3748.797,1858
10,325,33.158,3749.158,1858
10,326,43.261,3759.261,1858
10,327,63.392,3779.392,1858
10,328,73.273,3789.273,1858
10,329,80.362,3796.362,1858
10,330,89.667,3805.667,1858
10,331,51.775,3767.775,1858
10,332,55.644,3771.644,1858
10,333,58.145,3774.145,1858
10,334,56.944,3772.944,1858
10,335,57.448,3773.448,1858
10,336,57.681,3773.681,1858
10,337,61.408,3777.408,1858
10,338,68.706,3784.706,1858
10,339,76.546,3792.546,1858
10,340,75.384,3791.384,1858
10,341,73.885,3789.885,1858
10,342,53.799,3769.799,1858
10,343,59.736,3775.736,1858
10,344,60.209,3776.209,1858
10,345,68.517,3784.517,1858
10,346,58.228,3774.228,1858
10,347,61.757,3777.757,1858
10,348,101.445,3817.445,1858
10,349,104.491,3820.491,1858
10,350,43.165,3759.165,1858
10,351,52.078,3768.078,1858
10,352,61.796,3777.796,1858
10,353,66.645,3782.645,1858
10,354,70.137,3786.137,1858
10,355,36.367,3752.367,1858
10,356,32.498,3748.498,1858
10,357,32.739,3748.739,1858
10,358,38.014,3754.014,1858
10,359,44.779,3760.779,1858
10,360,55.281,3771.281,1858
10,361,60.784,3776.784,1858
10,362,64.563,3780.563,1858
10,363,68.930,3784.930,1858
10,364,75.020,3791.020,1858
10,365,77.313,3793.313,1858
10,366,81.996,3797.996,1858
10,367,87.910,3803.910,1858
10,368,88.856,3804.856,1858
10,369,41.138,3757.138,1858
10,370,43.837,3759.837,1858
10,371,43.349,3759.349,1858
10,372,50.731,3766.731,1858
10,373,85.305,3801.305,1858
10,374,94.319,3810.319,1858
10,375,79.141,3795.141,1858
10,376,77.590,3793.590,1858
10,377,77.693,3793.693,1858
10,378,78.949,3794.949,1858
10,379,79.089,3795.089,1858
10,380,86.873,3802.873,1858
10,381,93.262,3809.262,1858
10,382,60.705,3776.705,1858
10,383,75.008,3791.008,1858
10,384,75.079,3791.079,1858
10,385,39.700,3755.700,1858
10,386,33.320,3749.320,1858
10,387,32.908,3748.908,1858
10,388,46.516,3762.516,1858
10,389,61.896,3777.896,1858
10,390,64.117,3780.117,1858
10,391,61.103,3777.103,1858
10,392,43.370,3759.370,1858
10,393,42.477,3758.477,1858
10,394,48.539,3764.539,1858
10,395,51.955,3767.955,1858
10,396,74.326,3790.326,1858
10,397,88.472,3804.472,1858
10,398,92.000,3808.000,1858
10,399,90.131,3806.131,1858
10,400,88.946,3804.946,1858
10,401,85.924,3801.924,1858
10,402,70.394,3786.394,1858
10,403,69.852,3785.852,1858
10,404,71.218,3787.218,1858
10,405,72.568,3788.568,1858
10,406,67.782,3783.782,1858
10,407,44.903,3760.903,1858
10,408,45.292,3761.292,1858
10,409,46.739,3762.739,1858
10,410,49.390,3765.390,1858
10,411,49.574,3765.574,1858
10,412,52.040,3768.040,1858
10,413,58.241,3774.241,1858
10,414,70.338,3786.338,1858
10,415,70.489,3786.489,1858
10,416,69.976,3785.976,1858
10,417,65.788,3781.788,1858
10,418,35.027,3751.027,1858
10,419,33.863,3749.863,1858
10,420,37.096,3753.096,1858
10,421,41.577,3757.577,1858
10,422,44.212,3760.212,1858
10,423,51.749,3767.749,1858
10,424,73.258,3789.258,1858
10,425,93.169,3809.169,1858
10,426,51.221,3767.221,1858
10,427,71.677,3787.677,1858
10,428,84.294,3800.294,1858
10,429,84.143,3800.143,1858
10,430,83.871,3799.871,1858
10,431,95.097,3811.097,1858
10,432,88.983,3804.983,1858
10,433,95.966,3811.966,1858
10,434,101.725,3817.725,1858
10,435,90.122,3806.122,1858
10,436,89.459,3805.459,1858
10,437,90.040,3806.040,1858
10,438,88.156,3804.156,1858
10,439,70.022,3786.022,1858
10,440,82.090,3798.090,1858
10,441,85.406,3801.406,1858
10,442,90.884,3806.884,1858
10,443,108.965,3824.965,1858
10,444,76.506,3792.506,1858
10,445,32.647,3748.647,1858
10,446,32.511,3748.511,1858
10,447,37.142,3753.142,1858
10,448,62.065,3778.065,1858
10,449,81.643,3797.643,1858
10,450,86.856,3802.856,1858
10,451,87.014,3803.014,1858
10,452,59.059,3775.059,1858
10,453,58.425,3774.425,1858
10,454,62.470,3778.470,1858
10,455,77.096,3793.096,1858
10,456,78.646,3794.646,1858
10,457,78.182,3794.182,1858
10,458,80.515,3796.515,1858
10,459,78.631,3794.631,1858
10,460,100.200,3816.200,1858
10,461,71.471,3787.471,1858
10,462,96.307,3812.307,1858
10,463,65.167,3781.167,1858
10,464,32.422,3748.422,1858
10,465,32.277,3748.277,1858
10,466,38.041,3754.041,1858
10,467,40.161,3756.161,1858
10,468,41.166,3757.166,1858
10,469,45.337,3761.337,1858
10,470,69.397,3785.397,1858
10,471,90.655,3806.655,1858
10,472,88.333,3804.333,1858
10,473,88.258,3804.258,1858
10,474,88.762,3804.762,1858
10,475,91.593,3807.593,1858
10,476,86.030,3802.030,1858
10,477,51.976,3767.976,1858
10,478,61.472,3777.472,1858
10,479,73.118,3789.118,1858
10,480,74.915,3790.915,1858
10,481,74.415,3790.415,1858
10,482,75.034,3791.034,1858
10,483,72.967,3788.967,1858
10,484,84.261,3800.261,1858
10,485,91.764,3807.764,1858
10,486,87.466,3803.466,1858
10,487,79.446,3795.446,1858
10,488,45.415,3761.415,1858
10,489,45.099,3761.099,1858
10,490,44.604,3760.604,1858
10,491,45.013,3761.013,1858
10,492,45.111,3761.111,1858
10,493,58.748,3774.748,1858
10,494,71.600,3787.600,1858
10,495,71.080,3787.080,1858
10,496,77.124,3793.124,1858
10,497,67.538,3783.538,1858
10,498,79.989,3795.989,1858
10,499,104.013,3820.013,1858
10,500,70.562,3786.562,1858
50,1,36.922,3752.922,1858
50,2,43.567,3759.567,1858
50,3,49.179,3765.179,1858
50,4,49.472,3765.472,1858
50,5,52.250,3768.250,1858
50,6,57.190,3773.190,1858
50,7,62.843,3778.843,1858
50,8,70.321,3786.321,1858
50,9,69.225,3785.225,1858
50,10,84.824,3800.824,1858
50,11,111.800,3827.800,1858
50,12,73.307,3789.307,1858
50,13,63.368,3779.368,1858
50,14,67.454,3783.454,1858
50,15,71.210,3787.210,1858
50,16,71.196,3787.196,1858
50,17,69.199,3785.199,1858
50,18,51.989,3767.989,1858
50,19,62.992,3778.992,1858
50,20,81.163,3797.163,1858
50,21,80.190,3796.190,1858
50,22,46.094,3762.094,1858
50,23,44.632,3760.632,1858
50,24,50.704,3766.704,1858
50,25,61.378,3777.378,1858
50,26,61.679,3777.679,1858
50,27,63.103,3779.103,1858
50,28,62.242,3778.242,1858
50,29,63.024,3779.024,1858
50,30,73.492,3789.492,1858
50,31,67.054,3783.054,1858
50,32,68.303,3784.303,1858
50,33,73.239,3789.239,1858
50,34,78.038,3794.038,1858
50,35,92.422,3808.422,1858
50,36,47.233,3763.233,1858
50,37,48.685,3764.685,1858
50,38,63.896,3779.896,1858
50,39,81.569,3797.569,1858
50,40,71.143,3787.143,1858
50,41,78.121,3794.121,1858
50,42,48.414,3764.414,1858
50,43,49.212,3765.212,1858
50,44,50.247,3766.247,1858
50,45,57.765,3773.765,1858
50,46,79.819,3795.819,1858
50,47,93.797,3809.797,1858
50,48,77.317,3793.317,1858
50,49,74.354,3790.354,1858
50,50,91.326,3807.326,1858
50,51,103.861,3819.861,1858
50,52,108.655,3824.655,1858
50,53,85.194,3801.194,1858
50,54,68.668,3784.668,1858
50,55,51.564,3767.564,1858
50,56,52.353,3768.353,1858
50,57,55.267,3771.267,1858
50,58,58.008,3774.008,1858
50,59,61.615,3777.615,1858
50,60,71.821,3787.821,1858
50,61,74.294,3790.294,1858
50,62,53.108,3769.108,1858
50,63,52.336,3768.336,1858
50,64,66.104,3782.104,1858
50,65,64.622,3780.622,1858
50,66,65.821,3781.821,1858
50,67,71.779,3787.779,1858
50,68,69.430,3785.430,1858
50,69,41.773,3757.773,1858
50,70,42.828,3758.828,1858
50,71,51.380,3767.380,1858
50,72,66.722,3782.722,1858
50,73,71.650,3787.650,1858
50,74,77.658,3793.658,1858
50,75,80.902,3796.902,1858
50,76,57.549,3773.549,1858
50,77,40.349,3756.349,1858
50,78,33.113,3749.113,1858
50,79,32.237,3748.237,1858
50,80,31.601,3747.601,1858
50,81,35.328,3751.328,1858
50,82,44.765,3760.765,1858
50,83,59.972,3775.972,1858
50,84,64.311,3780.311,1858
50,85,70.242,3786.242,1858
50,86,88.071,3804.071,1858
50,87,50.422,3766.422,1858
50,88,78.601,3794.601,1858
50,89,101.628,3817.628,1858
50,90,118.126,3834.126,1858
50,91,88.364,3804.364,1858
50,92,103.723,3819.723,1858
50,93,100.149,3816.149,1858
50,94,85.357,3801.357,1858
50,95,83.314,3799.314,1858
50,96,83.671,3799.671,1858
50,97,85.378,3801.378,1858
50,98,82.250,3798.250,1858
50,99,105.436,3821.436,1858
50,100,93.000,3809.000,1858
50,101,93.853,3809.853,1858
50,102,95.805,3811.805,1858
50,103,73.611,3789.611,1858
50,104,44.366,3760.366,1858
50,105,33.079,3749.079,1858
50,106,32.327,3748.327,1858
50,107,35.273,3751.273,1858
50,108,42.288,3758.288,1858
50,109,58.597,3774.597,1858
50,110,65.946,3781.946,1858
50,111,64.669,3780.669,1858
50,112,79.019,3795.019,1858
50,113,51.027,3767.027,1858
50,114,57.781,3773.781,1858
50,115,65.408,3781.408,1858
50,116,90.814,3806.814,1858
50,117,106.207,3822.207,1858
50,118,105.676,3821.676,1858
50,119,107.365,3823.365,1858
50,120,108.077,3824.077,1858
50,121,104.096,3820.096,1858
50,122,84.383,3800.383,1858
50,123,83.448,3799.448,1858
50,124,82.951,3798.951,1858
50,125,67.182,3783.182,1858
50,126,68.320,3784.320,1858
50,127,67.919,3783.919,1858
50,128,65.905,3781.905,1858
50,129,49.445,3765.445,1858
50,130,50.055,3766.055,1858
50,131,49.575,3765.575,1858
50,132,49.540,3765.540,1858
50,133,56.009,3772.009,1858
50,134,41.470,3757.470,1858
50,135,33.094,3749.094,1858
50,136,32.611,3748.611,1858
50,137,37.357,3753.357,1858
50,138,48.658,3764.658,1858
50,139,50.805,3766.805,1858
50,140,54.140,3770.140,1858
50,141,60.757,3776.757,1858
50,142,66.692,3782.692,1858
50,143,103.838,3819.838,1858
50,144,69.632,3785.632,1858
50,145,70.673,3786.673,1858
50,146,70.793,3786.793,1858
50,147,71.592,3787.592,1858
50,148,72.113,3788.113,1858
50,149,70.763,3786.763,1858
50,150,70.956,3786.956,1858
50,151,70.861,3786.861,1858
50,152,72.053,3788.053,1858
50,153,83.768,3799.768,1858
50,154,100.037,3816.037,1858
50,155,79.708,3795.708,1858
50,156,86.046,3802.046,1858
50,157,92.952,3808.952,1858
50,158,115.932,3831.932,1858
50,159,90.427,3806.427,1858
50,160,102.173,3818.173,1858
50,161,67.768,3783.768,1858
50,162,58.357,3774.357,1858
50,163,32.566,3748.566,1858
50,164,32.950,3748.950,1858
50,165,32.831,3748.831,1858
50,166,32.152,3748.152,1858
50,167,33.227,3749.227,1858
50,168,43.549,3759.549,1858
50,169,47.721,3763.721,1858
50,170,51.111,3767.111,1858
50,171,50.992,3766.992,1858
50,172,50.737,3766.737,1858
50,173,55.677,3771.677,1858
50,174,56.163,3772.163,1858
50,175,61.300,3777.300,1858
50,176,73.308,3789.308,1858
50,177,100.953,3816.953,1858
50,178,74.793,3790.793,1858
50,179,67.664,3783.664,1858
50,180,67.982,3783.982,1858
50,181,71.549,3787.549,1858
50,182,95.593,3811.593,1858
50,183,75.121,3791.121,1858
50,184,82.059,3798.059,1858
50,185,84.188,3800.188,1858
50,186,83.346,3799.346,1858
50,187,85.512,3801.512,1858
50,188,85.044,3801.044,1858
50,189,81.050,3797.050,1858
50,190,48.849,3764.849,1858
50,191,49.605,3765.605,1858
50,192,49.079,3765.079,1858
50,193,72.462,3788.462,1858
50,194,72.871,3788.871,1858
50,195,32.699,3748.699,1858
50,196,34.614,3750.614,1858
50,197,42.105,3758.105,1858
50,198,46.532,3762.532,1858
50,199,48.543,3764.543,1858
50,200,51.123,3767.123,1858
50,201,52.937,3768.937,1858
50,202,57.254,3773.254,1858
50,203,60.195,3776.195,1858
50,204,64.630,3780.630,1858
50,205,70.249,3786.249,1858
50,206,93.989,3809.989,1858
50,207,85.084,3801.084,1858
50,208,82.022,3798.022,1858
50,209,100.725,3816.725,1858
50,210,74.978,3790.978,1858
50,211,73.724,3789.724,1858
50,212,99.218,3815.218,1858
50,213,114.380,3830.380,1858
50,214,87.554,3803.554,1858
50,215,99.407,3815.407,1858
50,216,103.697,3819.697,1858
50,217,103.200,3819.200,1858
50,218,70.660,3786.660,1858
50,219,74.448,3790.448,1858
50,220,50.577,3766.577,1858
50,221,52.493,3768.493,1858
50,222,55.640,3771.640,1858
50,223,39.877,3755.877,1858
50,224,32.257,3748.257,1858
50,225,32.479,3748.479,1858
50,226,41.327,3757.327,1858
50,227,68.833,3784.833,1858
50,228,52.386,3768.386,1858
50,229,51.757,3767.757,1858
50,230,52.104,3768.104,1858
50,231,63.637,3779.637,1858
50,232,75.936,3791.936,1858
50,233,75.455,3791.455,1858
50,234,76.221,3792.221,1858
50,235,77.920,3793.920,1858
50,236,92.275,3808.275,1858
50,237,67.145,3783.145,1858
50,238,67.432,3783.432,1858
50,239,67.709,3783.709,1858
50,240,67.934,3783.934,1858
50,241,67.953,3783.953,1858
50,242,67.533,3783.533,1858
50,243,67.270,3783.270,1858
50,244,92.842,3808.842,1858
50,245,52.373,3768.373,1858
50,246,53.057,3769.057,1858
50,247,57.547,3773.547,1858
50,248,67.080,3783.080,1858
50,249,68.732,3784.732,1858
50,250,67.789,3783.789,1858
50,251,68.768,3784.768,1858
50,252,69.256,3785.256,1858
50,253,68.809,3784.809,1858
50,254,69.699,3785.699,1858
50,255,67.930,3783.930,1858
50,256,60.814,3776.814,1858
50,257,68.760,3784.760,1858
50,258,89.333,3805.333,1858
50,259,47.340,3763.340,1858
50,260,44.139,3760.139,1858
50,261,43.856,3759.856,1858
50,262,43.971,3759.971,1858
50,263,53.632,3769.632,1858
50,264,59.461,3775.461,1858
50,265,59.791,3775.791,1858
50,266,70.871,3786.871,1858
50,267,78.060,3794.060,1858
50,268,80.419,3796.419,1858
50,269,95.139,3811.139,1858
50,270,80.898,3796.898,1858
50,271,52.394,3768.394,1858
50,272,51.994,3767.994,1858
50,273,57.077,3773.077,1858
50,274,56.621,3772.621,1858
50,275,57.515,3773.515,1858
50,276,58.390,3774.390,1858
50,277,60.474,3776.474,1858
50,278,64.615,3780.615,1858
50,279,66.299,3782.299,1858
50,280,64.272,3780.272,1858
50,281,55.606,3771.606,1858
50,282,54.644,3770.644,1858
50,283,55.562,3771.562,1858
50,284,65.762,3781.762,1858
50,285,73.257,3789.257,1858
50,286,69.711,3785.711,1858
50,287,70.549,3786.549,1858
50,288,70.754,3786.754,1858
50,289,80.497,3796.497,1858
50,290,82.443,3798.443,1858
50,291,84.367,3800.367,1858
50,292,82.459,3798.459,1858
50,293,116.719,3832.719,1858
50,294,123.746,3839.746,1858
50,295,57.633,3773.633,1858
50,296,32.856,3748.856,1858
50,297,32.876,3748.876,1858
50,298,47.392,3763.392,1858
50,299,85.416,3801.416,1858
50,300,70.151,3786.151,1858
50,301,89.361,3805.361,1858
50,302,94.098,3810.098,1858
50,303,92.379,3808.379,1858
50,304,71.613,3787.613,1858
50,305,46.917,3762.917,1858
50,306,51.390,3767.390,1858
50,307,52.946,3768.946,1858
50,308,64.602,3780.602,1858
50,309,75.564,3791.564,1858
50,310,77.349,3793.349,1858
50,311,74.734,3790.734,1858
50,312,76.444,3792.444,1858
50,313,74.544,3790.544,1858
50,314,75.075,3791.075,1858
50,315,101.734,3817.734,1858
50,316,90.872,3806.872,1858
50,317,88.397,3804.397,1858
50,318,87.082,3803.082,1858
50,319,100.924,3816.924,1858
50,320,65.253,3781.253,1858
50,321,104.675,3820.675,1858
50,322,77.303,3793.303,1858
50,323,84.031,3800.031,1858
50,324,71.068,3787.068,1858
50,325,74.680,3790.680,1858
50,326,83.922,3799.922,1858
50,327,83.716,3799.716,1858
50,328,84.042,3800.042,1858
50,329,85.611,3801.611,1858
50,330,84.851,3800.851,1858
50,331,88.295,3804.295,1858
50,332,43.239,3759.239,1858
50,333,34.769,3750.769,1858
50,334,32.999,3748.999,1858
50,335,35.160,3751.160,1858
50,336,32.908,3748.908,1858
50,337,31.779,3747.779,1858
50,338,33.700,3749.700,1858
50,339,33.170,3749.170,1858
50,340,33.169,3749.169,1858
50,341,32.477,3748.477,1858
50,342,32.474,3748.474,1858
50,343,34.730,3750.730,1858
50,344,36.497,3752.497,1858
50,345,37.006,3753.006,1858
50,346,40.978,3756.978,1858
50,347,56.997,3772.997,1858
50,348,70.849,3786.849,1858
50,349,77.417,3793.417,1858
50,350,72.052,3788.052,1858
50,351,62.494,3778.494,1858
50,352,61.314,3777.314,1858
50,353,60.768,3776.768,1858
50,354,47.657,3763.657,1858
50,355,47.288,3763.288,1858
50,356,49.029,3765.029,1858
50,357,60.680,3776.680,1858
50,358,79.764,3795.764,1858
50,359,90.091,3806.091,1858
50,360,61.666,3777.666,1858
50,361,40.214,3756.214,1858
50,362,40.774,3756.774,1858
50,363,47.110,3763.110,1858
50,364,71.930,3787.930,1858
50,365,79.612,3795.612,1858
50,366,89.410,3805.410,1858
50,367,112.849,3828.849,1858
50,368,117.387,3833.387,1858
50,369,71.106,3787.106,1858
50,370,60.309,3776.309,1858
50,371,58.930,3774.930,1858
50,372,59.269,3775.269,1858
50,373,65.095,3781.095,1858
50,374,67.366,3783.366,1858
50,375,65.692,3781.692,1858
50,376,49.907,3765.907,1858
50,377,51.859,3767.859,1858
50,378,72.929,3788.929,1858
50,379,84.393,3800.393,1858
50,380,78.051,3794.051,1858
50,381,49.673,3765.673,1858
50,382,70.341,3786.341,1858
50,383,83.130,3799.130,1858
50,384,97.925,3813.925,1858
50,385,88.470,3804.470,1858
50,386,91.541,3807.541,1858
50,387,86.716,3802.716,1858
50,388,87.253,3803.253,1858
50,389,88.193,3804.193,1858
50,390,88.229,3804.229,1858
50,391,87.531,3803.531,1858
50,392,83.724,3799.724,1858
50,393,50.658,3766.658,1858
50,394,51.281,3767.281,1858
50,395,53.277,3769.277,1858
50,396,68.635,3784.635,1858
50,397,73.734,3789.734,1858
50,398,108.403,3824.403,1858
50,399,67.943,3783.943,1858
50,400,45.401,3761.401,1858
50,401,47.418,3763.418,1858
50,402,53.525,3769.525,1858
50,403,64.853,3780.853,1858
50,404,80.136,3796.136,1858
50,405,61.421,3777.421,1858
50,406,32.373,3748.373,1858
50,407,32.638,3748.638,1858
50,408,32.908,3748.908,1858
50,409,37.318,3753.318,1858
50,410,38.278,3754.278,1858
50,411,51.696,3767.696,1858
50,412,57.228,3773.228,1858
50,413,59.826,3775.826,1858
50,414,43.840,3759.840,1858
50,415,40.484,3756.484,1858
50,416,41.696,3757.696,1858
50,417,55.316,3771.316,1858
50,418,63.721,3779.721,1858
50,419,74.076,3790.076,1858
50,420,78.405,3794.405,1858
50,421,77.041,3793.041,1858
50,422,87.275,3803.275,1858
50,423,46.877,3762.877,1858
50,424,46.667,3762.667,1858
50,425,46.820,3762.820,1858
50,426,46.868,3762.868,1858
50,427,53.165,3769.165,1858
50,428,57.066,3773.066,1858
50,429,62.058,3778.058,1858
50,430,65.085,3781.085,1858
50,431,83.364,3799.364,1858
50,432,63.348,3779.348,1858
50,433,60.907,3776.907,1858
50,434,64.426,3780.426,1858
50,435,80.422,3796.422,1858
50,436,46.437,3762.437,1858
50,437,49.838,3765.838,1858
50,438,54.112,3770.112,1858
50,439,54.904,3770.904,1858
50,440,64.164,3780.164,1858
50,441,71.446,3787.446,1858
50,442,74.319,3790.319,1858
50,443,77.726,3793.726,1858
50,444,98.181,3814.181,1858
50,445,108.894,3824.894,1858
50,446,105.702,3821.702,1858
50,447,82.435,3798.435,1858
50,448,81.629,3797.629,1858
50,449,71.711,3787.711,1858
50,450,78.346,3794.346,1858
50,451,68.571,3784.571,1858
50,452,71.314,3787.314,1858
50,453,87.087,3803.087,1858
50,454,80.380,3796.380,1858
50,455,95.786,3811.786,1858
50,456,93.955,3809.955,1858
50,457,68.129,3784.129,1858
50,458,66.094,3782.094,1858
50,459,57.016,3773.016,1858
50,460,65.217,3781.217,1858
50,461,74.520,3790.520,1858
50,462,74.166,3790.166,1858
50,463,70.796,3786.796,1858
50,464,53.335,3769.335,1858
50,465,52.767,3768.767,1858
50,466,60.878,3776.878,1858
50,467,68.675,3784.675,1858
50,468,68.115,3784.115,1858
50,469,68.129,3784.129,1858
50,470,66.789,3782.789,1858
50,471,56.200,3772.200,1858
50,472,61.494,3777.494,1858
50,473,81.458,3797.458,1858
50,474,86.631,3802.631,1858
50,475,84.401,3800.401,1858
50,476,59.782,3775.782,1858
50,477,70.578,3786.578,1858
50,478,86.722,3802.722,1858
50,479,92.293,3808.293,1858
50,480,93.506,3809.506,1858
50,481,73.866,3789.866,1858
50,482,62.863,3778.863,1858
50,483,87.009,3803.009,1858
50,484,94.325,3810.325,1858
50,485,87.716,3803.716,1858
50,486,98.589,3814.589,1858
50,487,75.970,3791.970,1858
50,488,74.714,3790.714,1858
50,489,53.272,3769.272,1858
50,490,52.315,3768.315,1858
50,491,48.027,3764.027,1858
50,492,59.145,3775.145,1858
50,493,64.743,3780.743,1858
50,494,63.288,3779.288,1858
50,495,82.035,3798.035,1858
50,496,59.398,3775.398,1858
50,497,82.078,3798.078,1858
50,498,71.014,3787.014,1858
50,499,91.412,3807.412,1858
50,500,47.130,3763.130,1858
100,1,36.464,3752.464,1858
100,2,35.318,3751.318,1858
100,3,37.503,3753.503,1858
100,4,40.535,3756.535,1858
100,5,41.416,3757.416,1858
100,6,45.812,3761.812,1858
100,7,63.052,3779.052,1858
100,8,66.489,3782.489,1858
100,9,66.098,3782.098,1858
100,10,65.248,3781.248,1858
100,11,65.012,3781.012,1858
100,12,86.206,3802.206,1858
100,13,82.278,3798.278,1858
100,14,68.478,3784.478,1858
100,15,84.073,3800.073,1858
100,16,95.468,3811.468,1858
100,17,97.697,3813.697,1858
100,18,93.309,3809.309,1858
100,19,97.892,3813.892,1858
100,20,93.037,3809.037,1858
100,21,94.608,3810.608,1858
100,22,93.640,3809.640,1858
100,23,87.647,3803.647,1858
100,24,77.262,3793.262,1858
100,25,84.237,3800.237,1858
100,26,82.433,3798.433,1858
100,27,68.566,3784.566,1858
100,28,57.560,3773.560,1858
100,29,32.934,3748.934,1858
100,30,34.666,3750.666,1858
100,31,51.822,3767.822,1858
100,32,55.020,3771.020,1858
100,33,43.738,3759.738,1858
100,34,43.358,3759.358,1858
100,35,43.672,3759.672,1858
100,36,44.330,3760.330,1858
100,37,46.053,3762.053,1858
100,38,48.681,3764.681,1858
100,39,48.874,3764.874,1858
100,40,50.427,3766.427,1858
100,41,48.244,3764.244,1858
100,42,48.403,3764.403,1858
100,43,52.696,3768.696,1858
100,44,53.707,3769.707,1858
100,45,53.468,3769.468,1858
100,46,52.741,3768.741,1858
100,47,53.761,3769.761,1858
100,48,52.949,3768.949,1858
100,49,60.970,3776.970,1858
100,50,67.306,3783.306,1858
100,51,96.546,3812.546,1858
100,52,86.653,3802.653,1858
100,53,78.672,3794.672,1858
100,54,82.834,3798.834,1858
100,55,67.898,3783.898,1858
100,56,67.235,3783.235,1858
100,57,68.252,3784.252,1858
100,58,96.847,3812.847,1858
100,59,58.414,3774.414,1858
100,60,59.577,3775.577,1858
100,61,60.024,3776.024,1858
100,62,69.428,3785.428,1858
100,63,40.553,3756.553,1858
100,64,32.397,3748.397,1858
100,65,35.630,3751.630,1858
100,66,46.386,3762.386,1858
100,67,95.412,3811.412,1858
100,68,111.542,3827.542,1858
100,69,44.545,3760.545,1858
100,70,46.751,3762.751,1858
100,71,52.566,3768.566,1858
100,72,55.400,3771.400,1858
100,73,72.305,3788.305,1858
100,74,83.081,3799.081,1858
100,75,78.506,3794.506,1858
100,76,49.276,3765.276,1858
100,77,55.560,3771.560,1858
100,78,62.615,3778.615,1858
100,79,61.738,3777.738,1858
100,80,59.224,3775.224,1858
100,81,47.836,3763.836,1858
100,82,51.966,3767.966,1858
100,83,63.329,3779.329,1858
100,84,64.758,3780.758,1858
100,85,70.730,3786.730,1858
100,86,100.968,3816.968,1858
100,87,60.275,3776.275,1858
100,88,59.061,3775.061,1858
100,89,58.671,3774.671,1858
100,90,71.262,3787.262,1858
100,91,90.754,3806.754,1858
100,92,109.804,3825.804,1858
100,93,113.600,3829.600,1858
100,94,71.210,3787.210,1858
100,95,71.918,3787.918,1858
100,96,82.821,3798.821,1858
100,97,39.213,3755.213,1858
100,98,43.555,3759.555,1858
100,99,69.934,3785.934,1858
100,100,78.470,3794.470,1858
100,101,78.737,3794.737,1858
100,102,79.890,3795.890,1858
100,103,99.676,3815.676,1858
100,104,72.915,3788.915,1858
100,105,72.825,3788.825,1858
100,106,70.824,3786.824,1858
100,107,84.952,3800.952,1858
100,108,65.999,3781.999,1858
100,109,81.416,3797.416,1858
100,110,91.087,3807.087,1858
100,111,114.240,3830.240,1858
100,112,107.273,3823.273,1858
100,113,96.033,3812.033,1858
100,114,91.858,3807.858,1858
100,115,77.620,3793.620,1858
100,116,78.641,3794.641,1858
100,117,55.186,3771.186,1858
100,118,55.184,3771.184,1858
100,119,69.574,3785.574,1858
100,120,72.023,3788.023,1858
100,121,73.636,3789.636,1858
100,122,70.382,3786.382,1858
100,123,79.742,3795.742,1858
100,124,85.427,3801.427,1858
100,125,65.613,3781.613,1858
100,126,58.060,3774.060,1858
100,127,63.264,3779.264,1858
100,128,64.592,3780.592,1858
100,129,65.062,3781.062,1858
100,130,104.414,3820.414,1858
100,131,76.382,3792.382,1858
100,132,67.698,3783.698,1858
100,133,86.301,3802.301,1858
100,134,67.325,3783.325,1858
100,135,68.230,3784.230,1858
100,136,73.568,3789.568,1858
100,137,80.204,3796.204,1858
100,138,84.510,3800.510,1858
100,139,88.545,3804.545,1858
100,140,62.725,3778.725,1858
100,141,66.223,3782.223,1858
100,142,71.658,3787.658,1858
100,143,77.167,3793.167,1858
100,144,42.313,3758.313,1858
100,145,32.247,3748.247,1858
100,146,32.886,3748.886,1858
100,147,35.937,3751.937,1858
100,148,37.064,3753.064,1858
100,149,38.813,3754.813,1858
100,150,39.987,3755.987,1858
100,151,44.035,3760.035,1858
100,152,54.967,3770.967,1858
100,153,57.136,3773.136,1858
100,154,56.730,3772.730,1858
100,155,56.717,3772.717,1858
100,156,57.208,3773.208,1858
100,157,58.636,3774.636,1858
100,158,60.490,3776.490,1858
100,159,66.195,3782.195,1858
100,160,64.349,3780.349,1858
100,161,54.618,3770.618,1858
100,162,54.747,3770.747,1858
100,163,64.312,3780.312,1858
100,164,82.479,3798.479,1858
100,165,83.733,3799.733,1858
100,166,105.690,3821.690,1858
100,167,69.886,3785.886,1858
100,168,71.317,3787.317,1858
100,169,71.078,3787.078,1858
100,170,71.365,3787.365,1858
100,171,86.021,3802.021,1858
100,172,102.780,3818.780,1858
100,173,89.881,3805.881,1858
100,174,55.515,3771.515,1858
100,175,65.338,3781.338,1858
100,176,71.792,3787.792,1858
100,177,32.867,3748.867,1858
100,178,32.915,3748.915,1858
100,179,34.017,3750.017,1858
100,180,45.005,3761.005,1858
100,181,51.456,3767.456,1858
100,182,51.038,3767.038,1858
100,183,58.074,3774.074,1858
100,184,65.622,3781.622,1858
100,185,64.246,3780.246,1858
100,186,66.206,3782.206,1858
100,187,64.974,3780.974,1858
100,188,67.621,3783.621,1858
100,189,74.362,3790.362,1858
100,190,72.339,3788.339,1858
100,191,52.767,3768.767,1858
100,192,52.913,3768.913,1858
100,193,53.716,3769.716,1858
100,194,58.618,3774.618,1858
100,195,59.656,3775.656,1858
100,196,60.423,3776.423,1858
100,197,74.399,3790.399,1858
100,198,56.327,3772.327,1858
100,199,59.604,3775.604,1858
100,200,59.877,3775.877,1858
100,201,107.317,3823.317,1858
100,202,122.120,3838.120,1858
100,203,61.042,3777.042,1858
100,204,59.071,3775.071,1858
100,205,71.536,3787.536,1858
100,206,45.498,3761.498,1858
100,207,47.099,3763.099,1858
100,208,53.668,3769.668,1858
100,209,57.247,3773.247,1858
100,210,53.975,3769.975,1858
100,211,33.541,3749.541,1858
100,212,32.370,3748.370,1858
100,213,32.767,3748.767,1858
100,214,32.088,3748.088,1858
100,215,33.246,3749.246,1858
100,216,49.563,3765.563,1858
100,217,57.576,3773.576,1858
100,218,56.393,3772.393,1858
100,219,59.543,3775.543,1858
100,220,57.683,3773.683,1858
100,221,59.923,3775.923,1858
100,222,64.120,3780.120,1858
100,223,64.495,3780.495,1858
100,224,70.384,3786.384,1858
100,225,76.982,3792.982,1858
100,226,51.425,3767.425,1858
100,227,58.380,3774.380,1858
100,228,70.464,3786.464,1858
100,229,98.460,3814.460,1858
100,230,67.503,3783.503,1858
100,231,70.669,3786.669,1858
100,232,78.404,3794.404,1858
100,233,79.663,3795.663,1858
100,234,78.947,3794.947,1858
100,235,72.803,3788.803,1858
100,236,38.812,3754.812,1858
100,237,54.064,3770.064,1858
100,238,99.913,3815.913,1858
100,239,60.606,3776.606,1858
100,240,58.979,3774.979,1858
100,241,59.180,3775.180,1858
100,242,69.199,3785.199,1858
100,243,71.053,3787.053,1858
100,244,32.033,3748.033,1858
100,245,31.778,3747.778,1858
100,246,33.543,3749.543,1858
100,247,48.388,3764.388,1858
100,248,56.745,3772.745,1858
100,249,57.443,3773.443,1858
100,250,97.058,3813.058,1858
100,251,109.957,3825.957,1858
100,252,75.184,3791.184,1858
100,253,74.546,3790.546,1858
100,254,76.453,3792.453,1858
100,255,74.186,3790.186,1858
100,256,66.629,3782.629,1858
100,257,71.250,3787.250,1858
100,258,70.981,3786.981,1858
100,259,71.867,3787.867,1858
100,260,102.527,3818.527,1858
100,261,82.674,3798.674,1858
100,262,45.534,3761.534,1858
100,263,44.838,3760.838,1858
100,264,45.278,3761.278,1858
100,265,52.709,3768.709,1858
100,266,60.700,3776.700,1858
100,267,69.544,3785.544,1858
100,268,59.568,3775.568,1858
100,269,59.383,3775.383,1858
100,270,59.309,3775.309,1858
100,271,54.509,3770.509,1858
100,272,33.867,3749.867,1858
100,273,32.656,3748.656,1858
100,274,32.046,3748.046,1858
100,275,35.158,3751.158,1858
100,276,38.034,3754.034,1858
100,277,42.392,3758.392,1858
100,278,33.438,3749.438,1858
100,279,33.259,3749.259,1858
100,280,36.309,3752.309,1858
100,281,44.479,3760.479,1858
100,282,111.186,3827.186,1858
100,283,90.710,3806.710,1858
100,284,86.687,3802.687,1858
100,285,84.909,3800.909,1858
100,286,52.108,3768.108,1858
100,287,67.368,3783.368,1858
100,288,44.750,3760.750,1858
100,289,44.919,3760.919,1858
100,290,69.015,3785.015,1858
100,291,82.312,3798.312,1858
100,292,82.708,3798.708,1858
100,293,67.490,3783.490,1858
100,294,75.668,3791.668,1858
100,295,77.449,3793.449,1858
100,296,79.107,3795.107,1858
100,297,79.259,3795.259,1858
100,298,94.954,3810.954,1858
100,299,59.725,3775.725,1858
100,300,86.135,3802.135,1858
100,301,58.506,3774.506,1858
100,302,60.708,3776.708,1858
100,303,59.224,3775.224,1858
100,304,58.442,3774.442,1858
100,305,79.890,3795.890,1858
100,306,90.814,3806.814,1858
100,307,37.561,3753.561,1858
100,308,32.926,3748.926,1858
100,309,45.514,3761.514,1858
100,310,55.820,3771.820,1858
100,311,64.009,3780.009,1858
100,312,65.524,3781.524,1858
100,313,65.596,3781.596,1858
100,314,65.171,3781.171,1858
100,315,64.449,3780.449,1858
100,316,75.468,3791.468,1858
100,317,88.286,3804.286,1858
100,318,86.966,3802.966,1858
100,319,71.089,3787.089,1858
100,320,60.706,3776.706,1858
100,321,59.338,3775.338,1858
100,322,67.342,3783.342,1858
100,323,78.011,3794.011,1858
100,324,53.664,3769.664,1858
100,325,48.917,3764.917,1858
100,326,74.872,3790.872,1858
100,327,61.513,3777.513,1858
100,328,72.465,3788.465,1858
100,329,83.958,3799.958,1858
100,330,91.473,3807.473,1858
100,331,99.015,3815.015,1858
100,332,101.458,3817.458,1858
100,333,101.101,3817.101,1858
100,334,106.536,3822.536,1858
100,335,50.474,3766.474,1858
100,336,94.012,3810.012,1858
100,337,81.453,3797.453,1858
100,338,57.662,3773.662,1858
100,339,58.233,3774.233,1858
100,340,57.310,3773.310,1858
100,341,58.022,3774.022,1858
100,342,61.138,3777.138,1858
100,343,83.766,3799.766,1858
100,344,91.297,3807.297,1858
100,345,88.138,3804.138,1858
100,346,87.769,3803.769,1858
100,347,60.907,3776.907,1858
100,348,62.145,3778.145,1858
100,349,60.387,3776.387,1858
100,350,65.213,3781.213,1858
100,351,65.432,3781.432,1858
100,352,40.211,3756.211,1858
100,353,50.050,3766.050,1858
100,354,61.183,3777.183,1858
100,355,64.044,3780.044,1858
100,356,64.245,3780.245,1858
100,357,65.513,3781.513,1858
100,358,72.180,3788.180,1858
100,359,74.275,3790.275,1858
100,360,76.594,3792.594,1858
100,361,89.657,3805.657,1858
100,362,100.521,3816.521,1858
100,363,78.641,3794.641,1858
100,364,83.154,3799.154,1858
100,365,112.936,3828.936,1858
100,366,112.176,3828.176,1858
100,367,59.169,3775.169,1858
100,368,59.493,3775.493,1858
100,369,74.984,3790.984,1858
100,370,91.684,3807.684,1858
100,371,74.121,3790.121,1858
100,372,73.086,3789.086,1858
100,373,66.467,3782.467,1858
100,374,79.362,3795.362,1858
100,375,83.406,3799.406,1858
100,376,80.230,3796.230,1858
100,377,56.666,3772.666,1858
100,378,50.353,3766.353,1858
100,379,49.043,3765.043,1858
100,380,61.848,3777.848,1858
100,381,69.672,3785.672,1858
100,382,73.384,3789.384,1858
100,383,74.421,3790.421,1858
100,384,73.510,3789.510,1858
100,385,92.564,3808.564,1858
100,386,89.918,3805.918,1858
100,387,88.326,3804.326,1858
100,388,50.898,3766.898,1858
100,389,51.292,3767.292,1858
100,390,60.122,3776.122,1858
100,391,62.109,3778.109,1858
100,392,69.190,3785.190,1858
100,393,77.829,3793.829,1858
100,394,83.868,3799.868,1858
100,395,81.974,3797.974,1858
100,396,83.493,3799.493,1858
100,397,82.506,3798.506,1858
100,398,81.894,3797.894,1858
100,399,48.532,3764.532,1858
100,400,32.871,3748.871,1858
100,401,35.962,3751.962,1858
100,402,35.103,3751.103,1858
100,403,33.168,3749.168,1858
100,404,34.100,3750.100,1858
100,405,34.783,3750.783,1858
100,406,34.440,3750.440,1858
100,407,33.587,3749.587,1858
100,408,34.563,3750.563,1858
100,409,42.670,3758.670,1858
100,410,51.434,3767.434,1858
100,411,51.754,3767.754,1858
100,412,40.752,3756.752,1858
100,413,31.837,3747.837,1858
100,414,47.526,3763.526,1858
100,415,61.247,3777.247,1858
100,416,64.116,3780.116,1858
100,417,55.988,3771.988,1858
100,418,55.137,3771.137,1858
100,419,54.719,3770.719,1858
100,420,54.851,3770.851,1858
100,421,53.122,3769.122,1858
100,422,44.053,3760.053,1858
100,423,46.594,3762.594,1858
100,424,51.858,3767.858,1858
100,425,81.995,3797.995,1858
100,426,107.050,3823.050,1858
100,427,79.438,3795.438,1858
100,428,69.809,3785.809,1858
100,429,87.736,3803.736,1858
100,430,95.694,3811.694,1858
100,431,95.035,3811.035,1858
100,432,101.636,3817.636,1858
100,433,102.454,3818.454,1858
100,434,107.838,3823.838,1858
100,435,104.424,3820.424,1858
100,436,82.950,3798.950,1858
100,437,83.023,3799.023,1858
100,438,84.945,3800.945,1858
100,439,84.460,3800.460,1858
100,440,71.369,3787.369,1858
100,441,40.971,3756.971,1858
100,442,39.068,3755.068,1858
100,443,41.844,3757.844,1858
100,444,48.702,3764.702,1858
100,445,86.878,3802.878,1858
100,446,83.063,3799.063,1858
100,447,75.491,3791.491,1858
100,448,80.525,3796.525,1858
100,449,64.235,3780.235,1858
100,450,41.371,3757.371,1858
100,451,40.810,3756.810,1858
100,452,45.504,3761.504,1858
100,453,53.072,3769.072,1858
100,454,63.192,3779.192,1858
100,455,67.668,3783.668,1858
100,456,82.431,3798.431,1858
100,457,64.565,3780.565,1858
100,458,73.015,3789.015,1858
100,459,98.243,3814.243,1858
100,460,88.527,3804.527,1858
100,461,84.224,3800.224,1858
100,462,51.621,3767.621,1858
100,463,72.934,3788.934,1858
100,464,87.786,3803.786,1858
100,465,87.668,3803.668,1858
100,466,87.124,3803.124,1858
100,467,89.342,3805.342,1858
100,468,88.713,3804.713,1858
100,469,85.822,3801.822,1858
100,470,58.946,3774.946,1858
100,471,64.405,3780.405,1858
100,472,82.837,3798.837,1858
100,473,98.602,3814.602,1858
100,474,59.499,3775.499,1858
100,475,59.429,3775.429,1858
100,476,68.792,3784.792,1858
100,477,98.035,3814.035,1858
100,478,71.619,3787.619,1858
100,479,76.658,3792.658,1858
100,480,83.345,3799.345,1858
100,481,82.932,3798.932,1858
100,482,72.282,3788.282,1858
100,483,88.419,3804.419,1858
100,484,45.552,3761.552,1858
100,485,47.240,3763.240,1858
100,486,45.169,3761.169,1858
100,487,49.772,3765.772,1858
100,488,62.134,3778.134,1858
100,489,66.139,3782.139,1858
100,490,70.656,3786.656,1858
100,491,72.588,3788.588,1858
100,492,122.079,3838.079,1858
100,493,88.303,3804.303,1858
100,494,84.961,3800.961,1858
100,495,73.121,3789.121,1858
100,496,88.911,3804.911,1858
100,497,64.063,3780.063,1858
100,498,62.943,3778.943,1858
100,499,81.391,3797.391,1858
100,500,100.679,3816.679,1858
250,1,37.808,3753.808,1858
250,2,36.800,3752.800,1858
250,3,37.079,3753.079,1858
250,4,39.630,3755.630,1858
250,5,39.114,3755.114,1858
250,6,40.312,3756.312,1858
250,7,34.938,3750.938,1858
250,8,43.376,3759.376,1858
250,9,54.252,3770.252,1858
250,10,67.900,3783.900,1858
250,11,59.600,3775.600,1858
250,12,46.966,3762.966,1858
250,13,46.120,3762.120,1858
250,14,62.043,3778.043,1858
250,15,60.393,3776.393,1858
250,16,82.529,3798.529,1858
250,17,95.135,3811.135,1858
250,18,93.210,3809.210,1858
250,19,106.652,3822.652,1858
250,20,84.805,3800.805,1858
250,21,72.378,3788.378,1858
250,22,72.248,3788.248,1858
250,23,69.279,3785.279,1858
250,24,71.131,3787.131,1858
250,25,89.671,3805.671,1858
250,26,83.003,3799.003,1858
250,27,77.282,3793.282,1858
250,28,73.062,3789.062,1858
250,29,78.206,3794.206,1858
250,30,60.311,3776.311,1858
250,31,61.779,3777.779,1858
250,32,67.858,3783.858,1858
250,33,71.825,3787.825,1858
250,34,79.871,3795.871,1858
250,35,77.548,3793.548,1858
250,36,74.525,3790.525,1858
250,37,42.957,3758.957,1858
250,38,45.649,3761.649,1858
250,39,51.516,3767.516,1858
250,40,51.565,3767.565,1858
250,41,51.181,3767.181,1858
250,42,55.955,3771.955,1858
250,43,63.124,3779.124,1858
250,44,79.288,3795.288,1858
250,45,42.210,3758.210,1858
250,46,42.409,3758.409,1858
250,47,45.259,3761.259,1858
250,48,46.433,3762.433,1858
250,49,55.628,3771.628,1858
250,50,61.492,3777.492,1858
250,51,71.887,3787.887,1858
250,52,81.133,3797.133,1858
250,53,66.218,3782.218,1858
250,54,67.719,3783.719,1858
250,55,68.182,3784.182,1858
250,56,66.982,3782.982,1858
250,57,73.917,3789.917,1858
250,58,104.777,3820.777,1858
250,59,86.997,3802.997,1858
250,60,83.654,3799.654,1858
250,61,73.232,3789.232,1858
250,62,76.621,3792.621,1858
250,63,48.106,3764.106,1858
250,64,47.743,3763.743,1858
250,65,48.505,3764.505,1858
250,66,48.551,3764.551,1858
250,67,49.441,3765.441,1858
250,68,54.651,3770.651,1858
250,69,68.848,3784.848,1858
250,70,82.556,3798.556,1858
250,71,94.768,3810.768,1858
250,72,92.967,3808.967,1858
250,73,92.001,3808.001,1858
250,74,73.696,3789.696,1858
250,75,63.747,3779.747,1858
250,76,62.942,3778.942,1858
250,77,62.049,3778.049,1858
250,78,61.000,3777.000,1858
250,79,42.328,3758.328,1858
250,80,41.825,3757.825,1858
250,81,53.250,3769.250,1858
250,82,54.477,3770.477,1858
250,83,55.098,3771.098,1858
250,84,49.868,3765.868,1858
250,85,52.603,3768.603,1858
250,86,52.735,3768.735,1858
250,87,53.042,3769.042,1858
250,88,76.456,3792.456,1858
250,89,97.592,3813.592,1858
250,90,71.452,3787.452,1858
250,91,59.901,3775.901,1858
250,92,62.907,3778.907,1858
250,93,104.934,3820.934,1858
250,94,115.750,3831.750,1858
250,95,89.300,3805.300,1858
250,96,90.016,3806.016,1858
250,97,104.110,3820.110,1858
250,98,93.171,3809.171,1858
250,99,81.381,3797.381,1858
250,100,52.333,3768.333,1858
250,101,55.070,3771.070,1858
250,102,75.067,3791.067,1858
250,103,91.969,3807.969,1858
250,104,70.169,3786.169,1858
250,105,41.511,3757.511,1858
250,106,53.558,3769.558,1858
250,107,63.608,3779.608,1858
250,108,51.839,3767.839,1858
250,109,54.349,3770.349,1858
250,110,77.359,3793.359,1858
250,111,98.712,3814.712,1858
250,112,106.634,3822.634,1858
250,113,103.805,3819.805,1858
250,114,77.339,3793.339,1858
250,115,64.873,3780.873,1858
250,116,52.146,3768.146,1858
250,117,80.793,3796.793,1858
250,118,81.918,3797.918,1858
250,119,84.854,3800.854,1858
250,120,80.185,3796.185,1858
250,121,57.310,3773.310,1858
250,122,57.338,3773.338,1858
250,123,56.765,3772.765,1858
250,124,57.920,3773.920,1858
250,125,56.551,3772.551,1858
250,126,57.597,3773.597,1858
250,127,59.497,3775.497,1858
250,128,64.332,3780.332,1858
250,129,65.661,3781.661,1858
250,130,75.089,3791.089,1858
250,131,74.382,3790.382,1858
250,132,75.322,3791.322,1858
250,133,113.333,3829.333,1858
250,134,94.796,3810.796,1858
250,135,95.479,3811.479,1858
250,136,95.736,3811.736,1858
250,137,95.443,3811.443,1858
250,138,93.536,3809.536,1858
250,139,92.186,3808.186,1858
250,140,44.639,3760.639,1858
250,141,42.186,3758.186,1858
250,142,44.724,3760.724,1858
250,143,57.401,3773.401,1858
250,144,78.213,3794.213,1858
250,145,79.560,3795.560,1858
250,146,79.436,3795.436,1858
250,147,77.477,3793.477,1858
250,148,78.083,3794.083,1858
250,149,69.060,3785.060,1858
250,150,72.201,3788.201,1858
250,151,52.506,3768.506,1858
250,152,63.075,3779.075,1858
250,153,100.096,3816.096,1858
250,154,61.380,3777.380,1858
250,155,79.404,3795.404,1858
250,156,87.002,3803.002,1858
250,157,61.736,3777.736,1858
250,158,56.792,3772.792,1858
250,159,58.452,3774.452,1858
250,160,76.674,3792.674,1858
250,161,47.135,3763.135,1858
250,162,46.416,3762.416,1858
250,163,58.237,3774.237,1858
250,164,81.620,3797.620,1858
250,165,51.075,3767.075,1858
250,166,50.669,3766.669,1858
250,167,51.727,3767.727,1858
250,168,51.717,3767.717,1858
250,169,52.582,3768.582,1858
250,170,66.158,3782.158,1858
250,171,73.871,3789.871,1858
250,172,75.286,3791.286,1858
250,173,74.940,3790.940,1858
250,174,77.057,3793.057,1858
250,175,74.041,3790.041,1858
250,176,73.164,3789.164,1858
250,177,65.244,3781.244,1858
250,178,75.874,3791.874,1858
250,179,83.176,3799.176,1858
250,180,79.154,3795.154,1858
250,181,43.228,3759.228,1858
250,182,55.708,3771.708,1858
250,183,70.163,3786.163,1858
250,184,72.463,3788.463,1858
250,185,78.199,3794.199,1858
250,186,78.105,3794.105,1858
250,187,78.685,3794.685,1858
250,188,86.348,3802.348,1858
250,189,93.583,3809.583,1858
250,190,92.448,3808.448,1858
250,191,75.900,3791.900,1858
250,192,74.569,3790.569,1858
250,193,100.583,3816.583,1858
250,194,112.975,3828.975,1858
250,195,75.147,3791.147,1858
250,196,82.208,3798.208,1858
250,197,82.450,3798.450,1858
250,198,56.991,3772.991,1858
250,199,56.515,3772.515,1858
250,200,69.716,3785.716,1858
250,201,76.752,3792.752,1858
250,202,75.660,3791.660,1858
250,203,73.507,3789.507,1858
250,204,74.069,3790.069,1858
250,205,80.365,3796.365,1858
250,206,88.610,3804.610,1858
250,207,89.213,3805.213,1858
250,208,87.259,3803.259,1858
250,209,89.475,3805.475,1858
250,210,90.846,3806.846,1858
250,211,89.703,3805.703,1858
250,212,87.243,3803.243,1858
250,213,89.728,3805.728,1858
250,214,97.673,3813.673,1858
250,215,103.492,3819.492,1858
250,216,60.235,3776.235,1858
250,217,78.269,3794.269,1858
250,218,86.402,3802.402,1858
250,219,69.848,3785.848,1858
250,220,91.365,3807.365,1858
250,221,99.471,3815.471,1858
250,222,96.917,3812.917,1858
250,223,94.532,3810.532,1858
250,224,41.544,3757.544,1858
250,225,53.167,3769.167,1858
250,226,58.981,3774.981,1858
250,227,63.571,3779.571,1858
250,228,67.475,3783.475,1858
250,229,68.123,3784.123,1858
250,230,67.336,3783.336,1858
250,231,49.846,3765.846,1858
250,232,49.938,3765.938,1858
250,233,49.355,3765.355,1858
250,234,49.006,3765.006,1858
250,235,55.151,3771.151,1858
250,236,78.381,3794.381,1858
250,237,54.629,3770.629,1858
250,238,66.468,3782.468,1858
250,239,81.304,3797.304,1858
250,240,83.039,3799.039,1858
250,241,82.393,3798.393,1858
250,242,84.829,3800.829,1858
250,243,77.604,3793.604,1858
250,244,91.734,3807.734,1858
250,245,68.890,3784.890,1858
250,246,52.988,3768.988,1858
250,247,56.377,3772.377,1858
250,248,64.950,3780.950,1858
250,249,74.506,3790.506,1858
250,250,74.371,3790.371,1858
250,251,74.437,3790.437,1858
250,252,69.975,3785.975,1858
250,253,48.929,3764.929,1858
250,254,57.134,3773.134,1858
250,255,52.672,3768.672,1858
250,256,48.239,3764.239,1858
250,257,56.807,3772.807,1858
250,258,58.100,3774.100,1858
250,259,63.883,3779.883,1858
250,260,64.722,3780.722,1858
250,261,65.663,3781.663,1858
250,262,56.389,3772.389,1858
250,263,59.272,3775.272,1858
250,264,71.076,3787.076,1858
250,265,69.460,3785.460,1858
250,266,79.020,3795.020,1858
250,267,78.437,3794.437,1858
250,268,86.069,3802.069,1858
250,269,74.162,3790.162,1858
250,270,75.601,3791.601,1858
250,271,74.984,3790.984,1858
250,272,74.419,3790.419,1858
250,273,84.222,3800.222,1858
250,274,96.574,3812.574,1858
250,275,51.371,3767.371,1858
250,276,49.505,3765.505,1858
250,277,60.973,3776.973,1858
250,278,73.110,3789.110,1858
250,279,71.189,3787.189,1858
250,280,76.086,3792.086,1858
250,281,81.969,3797.969,1858
250,282,90.894,3806.894,1858
250,283,109.914,3825.914,1858
250,284,70.621,3786.621,1858
250,285,72.580,3788.580,1858
250,286,71.248,3787.248,1858
250,287,89.945,3805.945,1858
250,288,51.010,3767.010,1858
250,289,49.347,3765.347,1858
250,290,53.730,3769.730,1858
250,291,61.176,3777.176,1858
250,292,63.202,3779.202,1858
250,293,61.638,3777.638,1858
250,294,61.785,3777.785,1858
250,295,89.651,3805.651,1858
250,296,105.458,3821.458,1858
250,297,62.106,3778.106,1858
250,298,54.823,3770.823,1858
250,299,52.676,3768.676,1858
250,300,53.547,3769.547,1858
250,301,89.033,3805.033,1858
250,302,117.151,3833.151,1858
250,303,115.950,3831.950,1858
250,304,118.486,3834.486,1858
250,305,107.996,3823.996,1858
250,306,53.788,3769.788,1858
250,307,53.199,3769.199,1858
250,308,56.813,3772.813,1858
250,309,60.348,3776.348,1858
250,310,108.095,3824.095,1858
250,311,116.645,3832.645,1858
250,312,117.594,3833.594,1858
250,313,88.865,3804.865,1858
250,314,89.299,3805.299,1858
250,315,60.408,3776.408,1858
250,316,61.581,3777.581,1858
250,317,66.761,3782.761,1858
250,318,80.297,3796.297,1858
250,319,78.423,3794.423,1858
250,320,64.780,3780.780,1858
250,321,87.113,3803.113,1858
250,322,67.226,3783.226,1858
250,323,90.447,3806.447,1858
250,324,86.661,3802.661,1858
250,325,88.682,3804.682,1858
250,326,98.816,3814.816,1858
250,327,82.264,3798.264,1858
250,328,59.276,3775.276,1858
250,329,55.721,3771.721,1858
250,330,45.905,3761.905,1858
250,331,53.545,3769.545,1858
250,332,61.429,3777.429,1858
250,333,60.230,3776.230,1858
250,334,60.274,3776.274,1858
250,335,61.915,3777.915,1858
250,336,72.527,3788.527,1858
250,337,85.841,3801.841,1858
250,338,54.708,3770.708,1858
250,339,54.276,3770.276,1858
250,340,68.499,3784.499,1858
250,341,86.042,3802.042,1858
250,342,65.384,3781.384,1858
250,343,70.479,3786.479,1858
250,344,92.982,3808.982,1858
250,345,101.126,3817.126,1858
250,346,96.613,3812.613,1858
250,347,69.012,3785.012,1858
250,348,80.993,3796.993,1858
250,349,44.274,3760.274,1858
250,350,37.301,3753.301,1858
250,351,37.156,3753.156,1858
250,352,45.326,3761.326,1858
250,353,46.360,3762.360,1858
250,354,49.482,3765.482,1858
250,355,52.206,3768.206,1858
250,356,52.816,3768.816,1858
250,357,57.994,3773.994,1858
250,358,64.151,3780.151,1858
250,359,73.622,3789.622,1858
250,360,45.272,3761.272,1858
250,361,48.968,3764.968,1858
250,362,54.227,3770.227,1858
250,363,56.871,3772.871,1858
250,364,96.085,3812.085,1858
250,365,51.115,3767.115,1858
250,366,52.205,3768.205,1858
250,367,54.505,3770.505,1858
250,368,68.799,3784.799,1858
250,369,45.044,3761.044,1858
250,370,55.153,3771.153,1858
250,371,66.805,3782.805,1858
250,372,70.566,3786.566,1858
250,373,88.356,3804.356,1858
250,374,101.894,3817.894,1858
250,375,100.302,3816.302,1858
250,376,55.087,3771.087,1858
250,377,59.805,3775.805,1858
250,378,79.734,3795.734,1858
250,379,82.917,3798.917,1858
250,380,98.040,3814.040,1858
250,381,99.047,3815.047,1858
250,382,71.739,3787.739,1858
250,383,72.206,3788.206,1858
250,384,72.029,3788.029,1858
250,385,67.528,3783.528,1858
250,386,50.938,3766.938,1858
250,387,51.193,3767.193,1858
250,388,50.736,3766.736,1858
250,389,54.234,3770.234,1858
250,390,57.942,3773.942,1858
250,391,58.266,3774.266,1858
250,392,66.904,3782.904,1858
250,393,75.366,3791.366,1858
250,394,74.645,3790.645,1858
250,395,63.273,3779.273,1858
250,396,62.455,3778.455,1858
250,397,65.885,3781.885,1858
250,398,70.369,3786.369,1858
250,399,59.698,3775.698,1858
250,400,62.985,3778.985,1858
250,401,67.418,3783.418,1858
250,402,67.422,3783.422,1858
250,403,69.448,3785.448,1858
250,404,68.647,3784.647,1858
250,405,69.286,3785.286,1858
250,406,77.364,3793.364,1858
250,407,85.022,3801.022,1858
250,408,94.616,3810.616,1858
250,409,45.598,3761.598,1858
250,410,42.245,3758.245,1858
250,411,50.988,3766.988,1858
250,412,60.663,3776.663,1858
250,413,59.788,3775.788,1858
250,414,64.111,3780.111,1858
250,415,87.439,3803.439,1858
250,416,92.804,3808.804,1858
250,417,74.279,3790.279,1858
250,418,47.465,3763.465,1858
250,419,46.269,3762.269,1858
250,420,60.592,3776.592,1858
250,421,62.513,3778.513,1858
250,422,32.930,3748.930,1858
250,423,32.502,3748.502,1858
250,424,33.326,3749.326,1858
250,425,33.981,3749.981,1858
250,426,33.618,3749.618,1858
250,427,47.502,3763.502,1858
250,428,65.701,3781.701,1858
250,429,76.360,3792.360,1858
250,430,46.785,3762.785,1858
250,431,34.156,3750.156,1858
250,432,35.983,3751.983,1858
250,433,35.131,3751.131,1858
250,434,37.049,3753.049,1858
250,435,32.075,3748.075,1858
250,436,33.773,3749.773,1858
250,437,33.338,3749.338,1858
250,438,33.200,3749.200,1858
250,439,33.127,3749.127,1858
250,440,34.858,3750.858,1858
250,441,34.158,3750.158,1858
250,442,45.422,3761.422,1858
250,443,51.358,3767.358,1858
250,444,51.303,3767.303,1858
250,445,50.793,3766.793,1858
250,446,50.812,3766.812,1858
250,447,50.788,3766.788,1858
250,448,52.755,3768.755,1858
250,449,63.999,3779.999,1858
250,450,75.059,3791.059,1858
250,451,52.254,3768.254,1858
250,452,52.681,3768.681,1858
250,453,56.421,3772.421,1858
250,454,69.795,3785.795,1858
250,455,110.892,3826.892,1858
250,456,88.083,3804.083,1858
250,457,88.375,3804.375,1858
250,458,89.224,3805.224,1858
250,459,89.231,3805.231,1858
250,460,48.015,3764.015,1858
250,461,33.270,3749.270,1858
250,462,32.826,3748.826,1858
250,463,33.409,3749.409,1858
250,464,36.367,3752.367,1858
250,465,33.857,3749.857,1858
250,466,36.381,3752.381,1858
250,467,39.358,3755.358,1858
250,468,40.184,3756.184,1858
250,469,45.410,3761.410,1858
250,470,52.509,3768.509,1858
250,471,51.282,3767.282,1858
250,472,49.435,3765.435,1858
250,473,41.843,3757.843,1858
250,474,41.173,3757.173,1858
250,475,40.323,3756.323,1858
250,476,44.169,3760.169,1858
250,477,51.927,3767.927,1858
250,478,54.404,3770.404,1858
250,479,53.367,3769.367,1858
250,480,53.079,3769.079,1858
250,481,54.398,3770.398,1858
250,482,53.098,3769.098,1858
250,483,46.629,3762.629,1858
250,484,50.082,3766.082,1858
250,485,51.539,3767.539,1858
250,486,61.440,3777.440,1858
250,487,38.182,3754.182,1858
250,488,32.115,3748.115,1858
250,489,32.414,3748.414,1858
250,490,32.938,3748.938,1858
250,491,35.919,3751.919,1858
250,492,82.279,3798.279,1858
250,493,82.112,3798.112,1858
250,494,70.260,3786.260,1858
250,495,88.206,3804.206,1858
250,496,70.908,3786.908,1858
250,497,83.626,3799.626,1858
250,498,99.040,3815.040,1858
250,499,85.406,3801.406,1858
250,500,33.597,3749.597,1858
10,1,46.801,4766.801,2360
10,2,47.599,4767.599,2360
10,3,46.943,4766.943,2360
10,4,55.219,4775.219,2360
10,5,81.837,4801.837,2360
10,6,62.684,4782.684,2360
10,7,76.531,4796.531,2360
10,8,67.580,4787.580,2360
10,9,66.757,4786.757,2360
10,10,72.440,4792.440,2360
10,11,74.927,4794.927,2360
10,12,114.744,4834.744,2360
10,13,67.286,4787.286,2360
10,14,75.063,4795.063,2360
10,15,87.991,4807.991,2360
10,16,100.511,4820.511,2360
10,17,76.680,4796.680,2360
10,18,75.005,4795.005,2360
10,19,75.161,4795.161,2360
10,20,80.136,4800.136,2360
10,21,74.506,4794.506,2360
10,22,72.539,4792.539,2360
10,23,42.576,4762.576,2360
10,24,41.055,4761.055,2360
10,25,42.343,4762.343,2360
10,26,51.465,4771.465,2360
10,27,57.950,4777.950,2360
10,28,66.544,4786.544,2360
10,29,81.194,4801.194,2360
10,30,83.321,4803.321,2360
10,31,82.021,4802.021,2360
10,32,82.707,4802.707,2360
10,33,102.746,4822.746,2360
10,34,98.830,4818.830,2360
10,35,46.739,4766.739,2360
10,36,58.816,4778.816,2360
10,37,66.169,4786.169,2360
10,38,64.338,4784.338,2360
10,39,66.373,4786.373,2360
10,40,66.905,4786.905,2360
10,41,65.294,4785.294,2360
10,42,67.862,4787.862,2360
10,43,85.911,4805.911,2360
10,44,98.521,4818.521,2360
10,45,75.970,4795.970,2360
10,46,76.432,4796.432,2360
10,47,64.383,4784.383,2360
10,48,64.540,4784.540,2360
10,49,124.944,4844.944,2360
10,50,95.847,4815.847,2360
10,51,105.776,4825.776,2360
10,52,105.566,4825.566,2360
10,53,104.210,4824.210,2360
10,54,65.795,4785.795,2360
10,55,81.980,4801.980,2360
10,56,112.614,4832.614,2360
10,57,54.841,4774.841,2360
10,58,57.170,4777.170,2360
10,59,69.264,4789.264,2360
10,60,83.374,4803.374,2360
10,61,80.451,4800.451,2360
10,62,82.848,4802.848,2360
10,63,82.386,4802.386,2360
10,64,82.404,4802.404,2360
10,65,83.594,4803.594,2360
10,66,90.563,4810.563,2360
10,67,93.343,4813.343,2360
10,68,58.825,4778.825,2360
10,69,62.680,4782.680,2360
10,70,65.781,4785.781,2360
10,71,66.396,4786.396,2360
10,72,66.160,4786.160,2360
10,73,65.500,4785.500,2360
10,74,107.173,4827.173,2360
10,75,116.069,4836.069,2360
10,76,79.063,4799.063,2360
10,77,83.369,4803.369,2360
10,78,96.890,4816.890,2360
10,79,104.946,4824.946,2360
10,80,108.748,4828.748,2360
10,81,104.751,4824.751,2360
10,82,75.710,4795.710,2360
10,83,90.534,4810.534,2360
10,84,67.680,4787.680,2360
10,85,66.468,4786.468,2360
10,86,52.868,4772.868,2360
10,87,58.619,4778.619,2360
10,88,70.749,4790.749,2360
10,89,69.565,4789.565,2360
10,90,76.993,4796.993,2360
10,91,75.628,4795.628,2360
10,92,82.284,4802.284,2360
10,93,115.451,4835.451,2360
10,94,121.249,4841.249,2360
10,95,130.303,4850.303,2360
10,96,59.259,4779.259,2360
10,97,59.806,4779.806,2360
10,98,65.037,4785.037,2360
10,99,82.754,4802.754,2360
10,100,90.602,4810.602,2360
10,101,104.615,4824.615,2360
10,102,55.560,4775.560,2360
10,103,58.239,4778.239,2360
10,104,62.820,4782.820,2360
10,105,66.001,4786.001,2360
10,106,64.293,4784.293,2360
10,107,79.379,4799.379,2360
10,108,81.634,4801.634,2360
10,109,108.312,4828.312,2360
10,110,47.539,4767.539,2360
10,111,60.114,4780.114,2360
10,112,62.486,4782.486,2360
10,113,70.206,4790.206,2360
10,114,75.103,4795.103,2360
10,115,109.556,4829.556,2360
10,116,90.129,4810.129,2360
10,117,90.046,4810.046,2360
10,118,105.248,4825.248,2360
10,119,49.284,4769.284,2360
10,120,51.145,4771.145,2360
10,121,57.266,4777.266,2360
10,122,56.547,4776.547,2360
10,123,69.425,4789.425,2360
10,124,87.169,4807.169,2360
10,125,87.026,4807.026,2360
10,126,65.296,4785.296,2360
10,127,66.165,4786.165,2360
10,128,67.913,4787.913,2360
10,129,81.648,4801.648,2360
10,130,96.483,4816.483,2360
10,131,81.829,4801.829,2360
10,132,109.331,4829.331,2360
10,133,101.713,4821.713,2360
10,134,75.750,4795.750,2360
10,135,82.125,4802.125,2360
10,136,85.909,4805.909,2360
10,137,86.613,4806.613,2360
10,138,97.631,4817.631,2360
10,139,99.990,4819.990,2360
10,140,109.225,4829.225,2360
10,141,94.669,4814.669,2360
10,142,106.401,4826.401,2360
10,143,66.141,4786.141,2360
10,144,69.089,4789.089,2360
10,145,74.294,4794.294,2360
10,146,73.021,4793.021,2360
10,147,80.044,4800.044,2360
10,148,88.724,4808.724,2360
10,149,71.226,4791.226,2360
10,150,104.360,4824.360,2360
10,151,77.244,4797.244,2360
10,152,82.540,4802.540,2360
10,153,82.526,4802.526,2360
10,154,88.453,4808.453,2360
10,155,93.411,4813.411,2360
10,156,77.629,4797.629,2360
10,157,60.910,4780.910,2360
10,158,74.619,4794.619,2360
10,159,82.967,4802.967,2360
10,160,82.004,4802.004,2360
10,161,106.522,4826.522,2360
10,162,89.711,4809.711,2360
10,163,96.875,4816.875,2360
10,164,96.806,4816.806,2360
10,165,49.808,4769.808,2360
10,166,51.192,4771.192,2360
10,167,51.299,4771.299,2360
10,168,49.906,4769.906,2360
10,169,60.059,4780.059,2360
10,170,58.374,4778.374,2360
10,171,59.464,4779.464,2360
10,172,58.808,4778.808,2360
10,173,77.987,4797.987,2360
10,174,94.955,4814.955,2360
10,175,93.956,4813.956,2360
10,176,114.604,4834.604,2360
10,177,85.736,4805.736,2360
10,178,86.252,4806.252,2360
10,179,96.168,4816.168,2360
10,180,102.194,4822.194,2360
10,181,133.990,4853.990,2360
10,182,65.420,4785.420,2360
10,183,68.800,4788.800,2360
10,184,76.037,4796.037,2360
10,185,83.823,4803.823,2360
10,186,95.908,4815.908,2360
10,187,103.977,4823.977,2360
10,188,100.753,4820.753,2360
10,189,71.580,4791.580,2360
10,190,69.398,4789.398,2360
10,191,70.406,4790.406,2360
10,192,70.552,4790.552,2360
10,193,84.160,4804.160,2360
10,194,77.889,4797.889,2360
10,195,91.807,4811.807,2360
10,196,90.877,4810.877,2360
10,197,90.574,4810.574,2360
10,198,90.786,4810.786,2360
10,199,93.086,4813.086,2360
10,200,91.149,4811.149,2360
10,201,84.498,4804.498,2360
10,202,47.666,4767.666,2360
10,203,50.555,4770.555,2360
10,204,66.637,4786.637,2360
10,205,79.029,4799.029,2360
10,206,70.028,4790.028,2360
10,207,84.071,4804.071,2360
10,208,115.044,4835.044,2360
10,209,85.453,4805.453,2360
10,210,90.421,4810.421,2360
10,211,98.813,4818.813,2360
10,212,73.321,4793.321,2360
10,213,88.736,4808.736,2360
10,214,72.545,4792.545,2360
10,215,77.873,4797.873,2360
10,216,99.174,4819.174,2360
10,217,106.941,4826.941,2360
10,218,75.983,4795.983,2360
10,219,75.379,4795.379,2360
10,220,75.510,4795.510,2360
10,221,86.321,4806.321,2360
10,222,85.489,4805.489,2360
10,223,85.012,4805.012,2360
10,224,86.484,4806.484,2360
10,225,73.309,4793.309,2360
10,226,72.922,4792.922,2360
10,227,72.785,4792.785,2360
10,228,71.680,4791.680,2360
10,229,77.614,4797.614,2360
10,230,90.316,4810.316,2360
10,231,61.218,4781.218,2360
10,232,65.514,4785.514,2360
10,233,64.497,4784.497,2360
10,234,64.314,4784.314,2360
10,235,70.243,4790.243,2360
10,236,76.042,4796.042,2360
10,237,81.404,4801.404,2360
10,238,82.683,4802.683,2360
10,239,78.241,4798.241,2360
10,240,52.039,4772.039,2360
10,241,86.367,4806.367,2360
10,242,105.426,4825.426,2360
10,243,104.342,4824.342,2360
10,244,64.820,4784.820,2360
10,245,62.822,4782.822,2360
10,246,69.653,4789.653,2360
10,247,80.450,4800.450,2360
10,248,80.128,4800.128,2360
10,249,103.838,4823.838,2360
10,250,72.858,4792.858,2360
10,251,78.971,4798.971,2360
10,252,76.803,4796.803,2360
10,253,62.043,4782.043,2360
10,254,66.617,4786.617,2360
10,255,66.760,4786.760,2360
10,256,65.633,4785.633,2360
10,257,71.339,4791.339,2360
10,258,72.018,4792.018,2360
10,259,43.533,4763.533,2360
10,260,40.849,4760.849,2360
10,261,41.133,4761.133,2360
10,262,41.909,4761.909,2360
10,263,42.410,4762.410,2360
10,264,43.195,4763.195,2360
10,265,41.715,4761.715,2360
10,266,47.791,4767.791,2360
10,267,57.452,4777.452,2360
10,268,59.704,4779.704,2360
10,269,69.356,4789.356,2360
10,270,63.114,4783.114,2360
10,271,61.705,4781.705,2360
10,272,63.764,4783.764,2360
10,273,53.534,4773.534,2360
10,274,55.938,4775.938,2360
10,275,64.069,4784.069,2360
10,276,77.774,4797.774,2360
10,277,69.081,4789.081,2360
10,278,62.775,4782.775,2360
10,279,65.621,4785.621,2360
10,280,67.209,4787.209,2360
10,281,67.793,4787.793,2360
10,282,62.004,4782.004,2360
10,283,73.475,4793.475,2360
10,284,83.886,4803.886,2360
10,285,81.587,4801.587,2360
10,286,82.828,4802.828,2360
10,287,82.204,4802.204,2360
10,288,70.476,4790.476,2360
10,289,70.851,4790.851,2360
10,290,89.585,4809.585,2360
10,291,85.313,4805.313,2360
10,292,98.981,4818.981,2360
10,293,64.788,4784.788,2360
10,294,92.614,4812.614,2360
10,295,76.295,4796.295,2360
10,296,69.835,4789.835,2360
10,297,75.869,4795.869,2360
10,298,80.902,4800.902,2360
10,299,49.394,4769.394,2360
10,300,42.107,4762.107,2360
10,301,42.488,4762.488,2360
10,302,41.080,4761.080,2360
10,303,43.055,4763.055,2360
10,304,48.548,4768.548,2360
10,305,49.293,4769.293,2360
10,306,50.040,4770.040,2360
10,307,49.879,4769.879,2360
10,308,53.766,4773.766,2360
10,309,60.451,4780.451,2360
10,310,58.669,4778.669,2360
10,311,60.436,4780.436,2360
10,312,64.182,4784.182,2360
10,313,70.545,4790.545,2360
10,314,112.775,4832.775,2360
10,315,90.864,4810.864,2360
10,316,76.333,4796.333,2360
10,317,42.109,4762.109,2360
10,318,42.159,4762.159,2360
10,319,41.381,4761.381,2360
10,320,47.334,4767.334,2360
10,321,67.367,4787.367,2360
10,322,94.879,4814.879,2360
10,323,76.084,4796.084,2360
10,324,79.875,4799.875,2360
10,325,86.943,4806.943,2360
10,326,91.853,4811.853,2360
10,327,99.670,4819.670,2360
10,328,99.015,4819.015,2360
10,329,119.101,4839.101,2360
10,330,42.893,4762.893,2360
10,331,41.471,4761.471,2360
10,332,44.070,4764.070,2360
10,333,74.383,4794.383,2360
10,334,89.741,4809.741,2360
10,335,93.267,4813.267,2360
10,336,80.776,4800.776,2360
10,337,82.843,4802.843,2360
10,338,73.841,4793.841,2360
10,339,52.509,4772.509,2360
10,340,51.723,4771.723,2360
10,341,97.610,4817.610,2360
10,342,74.641,4794.641,2360
10,343,56.048,4776.048,2360
10,344,62.840,4782.840,2360
10,345,75.102,4795.102,2360
10,346,81.955,4801.955,2360
10,347,92.120,4812.120,2360
10,348,90.913,4810.913,2360
10,349,101.311,4821.311,2360
10,350,73.279,4793.279,2360
10,351,73.175,4793.175,2360
10,352,69.423,4789.423,2360
10,353,50.074,4770.074,2360
10,354,51.004,4771.004,2360
10,355,72.226,4792.226,2360
10,356,82.598,4802.598,2360
10,357,95.939,4815.939,2360
10,358,50.430,4770.430,2360
10,359,41.795,4761.795,2360
10,360,40.326,4760.326,2360
10,361,57.964,4777.964,2360
10,362,72.971,4792.971,2360
10,363,74.610,4794.610,2360
10,364,72.441,4792.441,2360
10,365,96.048,4816.048,2360
10,366,111.039,4831.039,2360
10,367,137.972,4857.972,2360
10,368,49.701,4769.701,2360
10,369,47.488,4767.488,2360
10,370,49.869,4769.869,2360
10,371,56.880,4776.880,2360
10,372,43.136,4763.136,2360
10,373,43.545,4763.545,2360
10,374,47.078,4767.078,2360
10,375,47.534,4767.534,2360
10,376,50.183,4770.183,2360
10,377,52.971,4772.971,2360
10,378,59.317,4779.317,2360
10,379,60.407,4780.407,2360
10,380,59.116,4779.116,2360
10,381,60.485,4780.485,2360
10,382,106.127,4826.127,2360
10,383,86.614,4806.614,2360
10,384,97.232,4817.232,2360
10,385,82.950,4802.950,2360
10,386,83.278,4803.278,2360
10,387,83.816,4803.816,2360
10,388,53.399,4773.399,2360
10,389,40.396,4760.396,2360
10,390,40.568,4760.568,2360
10,391,42.227,4762.227,2360
10,392,49.617,4769.617,2360
10,393,71.850,4791.850,2360
10,394,85.444,4805.444,2360
10,395,82.684,4802.684,2360
10,396,79.197,4799.197,2360
10,397,75.732,4795.732,2360
10,398,80.494,4800.494,2360
10,399,94.945,4814.945,2360
10,400,47.644,4767.644,2360
10,401,53.679,4773.679,2360
10,402,63.922,4783.922,2360
10,403,90.639,4810.639,2360
10,404,93.845,4813.845,2360
10,405,56.165,4776.165,2360
10,406,62.112,4782.112,2360
10,407,73.830,4793.830,2360
10,408,75.328,4795.328,2360
10,409,75.643,4795.643,2360
10,410,88.413,4808.413,2360
10,411,96.784,4816.784,2360
10,412,60.377,4780.377,2360
10,413,66.380,4786.380,2360
10,414,82.969,4802.969,2360
10,415,85.456,4805.456,2360
10,416,95.175,4815.175,2360
10,417,71.347,4791.347,2360
10,418,54.171,4774.171,2360
10,419,55.745,4775.745,2360
10,420,54.516,4774.516,2360
10,421,53.705,4773.705,2360
10,422,56.177,4776.177,2360
10,423,63.097,4783.097,2360
10,424,71.321,4791.321,2360
10,425,74.239,4794.239,2360
10,426,72.709,4792.709,2360
10,427,81.658,4801.658,2360
10,428,117.018,4837.018,2360
10,429,104.793,4824.793,2360
10,430,79.703,4799.703,2360
10,431,70.889,4790.889,2360
10,432,88.741,4808.741,2360
10,433,51.228,4771.228,2360
10,434,51.978,4771.978,2360
10,435,51.298,4771.298,2360
10,436,50.906,4770.906,2360
10,437,52.189,4772.189,2360
10,438,50.521,4770.521,2360
10,439,42.202,4762.202,2360
10,440,43.417,4763.417,2360
10,441,49.631,4769.631,2360
10,442,52.733,4772.733,2360
10,443,51.867,4771.867,2360
10,444,77.695,4797.695,2360
10,445,103.199,4823.199,2360
10,446,87.071,4807.071,2360
10,447,53.574,4773.574,2360
10,448,42.501,4762.501,2360
10,449,40.424,4760.424,2360
10,450,47.304,4767.304,2360
10,451,50.014,4770.014,2360
10,452,52.225,4772.225,2360
10,453,55.363,4775.363,2360
10,454,55.301,4775.301,2360
10,455,54.356,4774.356,2360
10,456,54.516,4774.516,2360
10,457,54.772,4774.772,2360
10,458,66.672,4786.672,2360
10,459,98.009,4818.009,2360
10,460,90.874,4810.874,2360
10,461,53.160,4773.160,2360
10,462,59.772,4779.772,2360
10,463,81.329,4801.329,2360
10,464,81.517,4801.517,2360
10,465,96.119,4816.119,2360
10,466,95.713,4815.713,2360
10,467,91.228,4811.228,2360
10,468,97.719,4817.719,2360
10,469,99.118,4819.118,2360
10,470,112.819,4832.819,2360
10,471,78.983,4798.983,2360
10,472,81.147,4801.147,2360
10,473,71.326,4791.326,2360
10,474,110.982,4830.982,2360
10,475,59.330,4779.330,2360
10,476,42.073,4762.073,2360
10,477,42.160,4762.160,2360
10,478,43.216,4763.216,2360
10,479,46.568,4766.568,2360
10,480,51.446,4771.446,2360
10,481,64.008,4784.008,2360
10,482,82.188,4802.188,2360
10,483,85.225,4805.225,2360
10,484,102.710,4822.710,2360
10,485,56.351,4776.351,2360
10,486,74.853,4794.853,2360
10,487,87.181,4807.181,2360
10,488,86.969,4806.969,2360
10,489,85.494,4805.494,2360
10,490,55.131,4775.131,2360
10,491,64.827,4784.827,2360
10,492,46.680,4766.680,2360
10,493,51.792,4771.792,2360
10,494,67.155,4787.155,2360
10,495,83.025,4803.025,2360
10,496,86.822,4806.822,2360
10,497,94.971,4814.971,2360
10,498,93.049,4813.049,2360
10,499,47.425,4767.425,2360
10,500,48.951,4768.951,2360
50,1,44.949,4764.949,2360
50,2,44.958,4764.958,2360
50,3,43.926,4763.926,2360
50,4,43.748,4763.748,2360
50,5,55.297,4775.297,2360
50,6,56.135,4776.135,2360
50,7,59.665,4779.665,2360
50,8,65.528,4785.528,2360
50,9,69.675,4789.675,2360
50,10,80.274,4800.274,2360
50,11,98.445,4818.445,2360
50,12,99.443,4819.443,2360
50,13,98.869,4818.869,2360
50,14,104.925,4824.925,2360
50,15,69.801,4789.801,2360
50,16,71.825,4791.825,2360
50,17,75.822,4795.822,2360
50,18,88.210,4808.210,2360
50,19,70.730,4790.730,2360
50,20,94.593,4814.593,2360
50,21,62.518,4782.518,2360
50,22,62.890,4782.890,2360
50,23,78.878,4798.878,2360
50,24,127.105,4847.105,2360
50,25,49.740,4769.740,2360
50,26,56.708,4776.708,2360
50,27,62.938,4782.938,2360
50,28,75.003,4795.003,2360
50,29,85.515,4805.515,2360
50,30,86.697,4806.697,2360
50,31,84.840,4804.840,2360
50,32,125.719,4845.719,2360
50,33,86.988,4806.988,2360
50,34,91.400,4811.400,2360
50,35,90.811,4810.811,2360
50,36,90.479,4810.479,2360
50,37,96.174,4816.174,2360
50,38,85.420,4805.420,2360
50,39,86.806,4806.806,2360
50,40,100.874,4820.874,2360
50,41,95.980,4815.980,2360
50,42,90.399,4810.399,2360
50,43,59.613,4779.613,2360
50,44,58.896,4778.896,2360
50,45,59.966,4779.966,2360
50,46,55.126,4775.126,2360
50,47,58.498,4778.498,2360
50,48,58.315,4778.315,2360
50,49,58.598,4778.598,2360
50,50,63.140,4783.140,2360
50,51,81.410,4801.410,2360
50,52,85.155,4805.155,2360
50,53,57.954,4777.954,2360
50,54,66.276,4786.276,2360
50,55,70.769,4790.769,2360
50,56,116.619,4836.619,2360
50,57,67.435,4787.435,2360
50,58,70.434,4790.434,2360
50,59,76.050,4796.050,2360
50,60,85.849,4805.849,2360
50,61,72.961,4792.961,2360
50,62,61.938,4781.938,2360
50,63,52.836,4772.836,2360
50,64,44.224,4764.224,2360
50,65,44.599,4764.599,2360
50,66,41.311,4761.311,2360
50,67,41.668,4761.668,2360
50,68,44.058,4764.058,2360
50,69,42.069,4762.069,2360
50,70,42.113,4762.113,2360
50,71,40.996,4760.996,2360
50,72,41.350,4761.350,2360
50,73,49.821,4769.821,2360
50,74,58.069,4778.069,2360
50,75,65.064,4785.064,2360
50,76,65.662,4785.662,2360
50,77,76.018,4796.018,2360
50,78,80.257,4800.257,2360
50,79,74.539,4794.539,2360
50,80,97.417,4817.417,2360
50,81,105.687,4825.687,2360
50,82,104.739,4824.739,2360
50,83,107.172,4827.172,2360
50,84,105.096,4825.096,2360
50,85,105.911,4825.911,2360
50,86,104.353,4824.353,2360
50,87,72.586,4792.586,2360
50,88,93.906,4813.906,2360
50,89,110.669,4830.669,2360
50,90,65.452,4785.452,2360
50,91,41.460,4761.460,2360
50,92,41.169,4761.169,2360
50,93,45.610,4765.610,2360
50,94,64.924,4784.924,2360
50,95,86.433,4806.433,2360
50,96,76.026,4796.026,2360
50,97,59.007,4779.007,2360
50,98,77.637,4797.637,2360
50,99,61.007,4781.007,2360
50,100,69.637,4789.637,2360
50,101,73.439,4793.439,2360
50,102,79.463,4799.463,2360
50,103,69.316,4789.316,2360
50,104,69.224,4789.224,2360
50,105,67.853,4787.853,2360
50,106,74.105,4794.105,2360
50,107,86.526,4806.526,2360
50,108,87.107,4807.107,2360
50,109,89.971,4809.971,2360
50,110,99.773,4819.773,2360
50,111,69.055,4789.055,2360
50,112,51.392,4771.392,2360
50,113,61.036,4781.036,2360
50,114,68.766,4788.766,2360
50,115,78.615,4798.615,2360
50,116,81.955,4801.955,2360
50,117,85.045,4805.045,2360
50,118,57.422,4777.422,2360
50,119,60.204,4780.204,2360
50,120,41.044,4761.044,2360
50,121,51.248,4771.248,2360
50,122,76.321,4796.321,2360
50,123,138.691,4858.691,2360
50,124,75.142,4795.142,2360
50,125,92.472,4812.472,2360
50,126,116.199,4836.199,2360
50,127,67.691,4787.691,2360
50,128,76.633,4796.633,2360
50,129,90.352,4810.352,2360
50,130,82.642,4802.642,2360
50,131,91.879,4811.879,2360
50,132,94.694,4814.694,2360
50,133,85.065,4805.065,2360
50,134,78.642,4798.642,2360
50,135,63.934,4783.934,2360
50,136,51.163,4771.163,2360
50,137,56.071,4776.071,2360
50,138,88.130,4808.130,2360
50,139,43.770,4763.770,2360
50,140,44.088,4764.088,2360
50,141,44.773,4764.773,2360
50,142,46.805,4766.805,2360
50,143,54.274,4774.274,2360
50,144,59.097,4779.097,2360
50,145,60.191,4780.191,2360
50,146,73.385,4793.385,2360
50,147,68.344,4788.344,2360
50,148,41.812,4761.812,2360
50,149,39.729,4759.729,2360
50,150,58.880,4778.880,2360
50,151,65.617,4785.617,2360
50,152,62.963,4782.963,2360
50,153,47.141,4767.141,2360
50,154,65.320,4785.320,2360
50,155,54.481,4774.481,2360
50,156,59.519,4779.519,2360
50,157,66.249,4786.249,2360
50,158,72.840,4792.840,2360
50,159,83.151,4803.151,2360
50,160,82.934,4802.934,2360
50,161,59.650,4779.650,2360
50,162,65.782,4785.782,2360
50,163,66.097,4786.097,2360
50,164,66.269,4786.269,2360
50,165,66.419,4786.419,2360
50,166,66.279,4786.279,2360
50,167,65.208,4785.208,2360
50,168,81.934,4801.934,2360
50,169,125.655,4845.655,2360
50,170,138.703,4858.703,2360
50,171,100.875,4820.875,2360
50,172,56.659,4776.659,2360
50,173,58.884,4778.884,2360
50,174,59.777,4779.777,2360
50,175,61.148,4781.148,2360
50,176,60.318,4780.318,2360
50,177,41.722,4761.722,2360
50,178,44.620,4764.620,2360
50,179,54.582,4774.582,2360
50,180,66.627,4786.627,2360
50,181,65.864,4785.864,2360
50,182,65.117,4785.117,2360
50,183,67.218,4787.218,2360
50,184,67.546,4787.546,2360
50,185,76.510,4796.510,2360
50,186,87.142,4807.142,2360
50,187,76.123,4796.123,2360
50,188,52.274,4772.274,2360
50,189,55.877,4775.877,2360
50,190,89.162,4809.162,2360
50,191,106.856,4826.856,2360
50,192,94.669,4814.669,2360
50,193,95.239,4815.239,2360
50,194,96.846,4816.846,2360
50,195,85.238,4805.238,2360
50,196,58.874,4778.874,2360
50,197,61.035,4781.035,2360
50,198,63.988,4783.988,2360
50,199,64.759,4784.759,2360
50,200,78.327,4798.327,2360
50,201,49.920,4769.920,2360
50,202,51.423,4771.423,2360
50,203,51.909,4771.909,2360
50,204,52.713,4772.713,2360
50,205,55.406,4775.406,2360
50,206,54.550,4774.550,2360
50,207,55.015,4775.015,2360
50,208,52.212,4772.212,2360
50,209,55.630,4775.630,2360
50,210,64.166,4784.166,2360
50,211,64.383,4784.383,2360
50,212,76.721,4796.721,2360
50,213,86.144,4806.144,2360
50,214,77.945,4797.945,2360
50,215,86.274,4806.274,2360
50,216,70.941,4790.941,2360
50,217,81.580,4801.580,2360
50,218,86.865,4806.865,2360
50,219,82.996,4802.996,2360
50,220,65.219,4785.219,2360
50,221,71.379,4791.379,2360
50,222,81.414,4801.414,2360
50,223,83.090,4803.090,2360
50,224,51.441,4771.441,2360
50,225,58.385,4778.385,2360
50,226,61.755,4781.755,2360
50,227,67.163,4787.163,2360
50,228,71.539,4791.539,2360
50,229,61.148,4781.148,2360
50,230,63.555,4783.555,2360
50,231,80.368,4800.368,2360
50,232,54.557,4774.557,2360
50,233,55.014,4775.014,2360
50,234,55.188,4775.188,2360
50,235,82.213,4802.213,2360
50,236,72.876,4792.876,2360
50,237,42.062,4762.062,2360
50,238,40.964,4760.964,2360
50,239,42.419,4762.419,2360
50,240,42.717,4762.717,2360
50,241,52.329,4772.329,2360
50,242,77.466,4797.466,2360
50,243,84.354,4804.354,2360
50,244,106.408,4826.408,2360
50,245,73.224,4793.224,2360
50,246,86.946,4806.946,2360
50,247,76.772,4796.772,2360
50,248,93.343,4813.343,2360
50,249,94.884,4814.884,2360
50,250,75.715,4795.715,2360
50,251,83.291,4803.291,2360
50,252,91.672,4811.672,2360
50,253,102.268,4822.268,2360
50,254,86.386,4806.386,2360
50,255,72.419,4792.419,2360
50,256,72.459,4792.459,2360
50,257,72.772,4792.772,2360
50,258,72.028,4792.028,2360
50,259,56.231,4776.231,2360
50,260,55.889,4775.889,2360
50,261,60.033,4780.033,2360
50,262,87.160,4807.160,2360
50,263,76.928,4796.928,2360
50,264,58.500,4778.500,2360
50,265,41.762,4761.762,2360
50,266,41.193,4761.193,2360
50,267,42.446,4762.446,2360
50,268,47.591,4767.591,2360
50,269,46.878,4766.878,2360
50,270,51.285,4771.285,2360
50,271,65.491,4785.491,2360
50,272,83.310,4803.310,2360
50,273,86.019,4806.019,2360
50,274,96.164,4816.164,2360
50,275,93.844,4813.844,2360
50,276,96.321,4816.321,2360
50,277,96.857,4816.857,2360
50,278,78.064,4798.064,2360
50,279,78.835,4798.835,2360
50,280,85.052,4805.052,2360
50,281,120.243,4840.243,2360
50,282,124.654,4844.654,2360
50,283,90.138,4810.138,2360
50,284,95.866,4815.866,2360
50,285,84.672,4804.672,2360
50,286,51.847,4771.847,2360
50,287,53.733,4773.733,2360
50,288,65.875,4785.875,2360
50,289,88.023,4808.023,2360
50,290,86.794,4806.794,2360
50,291,46.667,4766.667,2360
50,292,41.372,4761.372,2360
50,293,41.959,4761.959,2360
50,294,40.753,4760.753,2360
50,295,46.985,4766.985,2360
50,296,50.293,4770.293,2360
50,297,60.644,4780.644,2360
50,298,52.253,4772.253,2360
50,299,52.051,4772.051,2360
50,300,44.248,4764.248,2360
50,301,44.806,4764.806,2360
50,302,46.523,4766.523,2360
50,303,49.431,4769.431,2360
50,304,49.585,4769.585,2360
50,305,64.033,4784.033,2360
50,306,106.767,4826.767,2360
50,307,65.791,4785.791,2360
50,308,70.599,4790.599,2360
50,309,76.525,4796.525,2360
50,310,82.571,4802.571,2360
50,311,101.746,4821.746,2360
50,312,90.955,4810.955,2360
50,313,100.048,4820.048,2360
50,314,80.379,4800.379,2360
50,315,60.745,4780.745,2360
50,316,62.991,4782.991,2360
50,317,72.409,4792.409,2360
50,318,84.837,4804.837,2360
50,319,92.341,4812.341,2360
50,320,95.362,4815.362,2360
50,321,83.805,4803.805,2360
50,322,42.252,4762.252,2360
50,323,40.889,4760.889,2360
50,324,48.955,4768.955,2360
50,325,54.645,4774.645,2360
50,326,56.107,4776.107,2360
50,327,63.706,4783.706,2360
50,328,78.485,4798.485,2360
50,329,87.974,4807.974,2360
50,330,96.199,4816.199,2360
50,331,89.871,4809.871,2360
50,332,48.470,4768.470,2360
50,333,47.661,4767.661,2360
50,334,75.854,4795.854,2360
50,335,97.061,4817.061,2360
50,336,100.163,4820.163,2360
50,337,95.840,4815.840,2360
50,338,54.376,4774.376,2360
50,339,64.475,4784.475,2360
50,340,92.333,4812.333,2360
50,341,97.148,4817.148,2360
50,342,98.392,4818.392,2360
50,343,56.910,4776.910,2360
50,344,63.697,4783.697,2360
50,345,70.065,4790.065,2360
50,346,63.159,4783.159,2360
50,347,71.147,4791.147,2360
50,348,78.044,4798.044,2360
50,349,75.318,4795.318,2360
50,350,41.528,4761.528,2360
50,351,42.873,4762.873,2360
50,352,42.826,4762.826,2360
50,353,43.124,4763.124,2360
50,354,46.904,4766.904,2360
50,355,59.526,4779.526,2360
50,356,79.884,4799.884,2360
50,357,95.052,4815.052,2360
50,358,91.121,4811.121,2360
50,359,96.043,4816.043,2360
50,360,63.200,4783.200,2360
50,361,63.216,4783.216,2360
50,362,78.274,4798.274,2360
50,363,91.082,4811.082,2360
50,364,90.100,4810.100,2360
50,365,59.625,4779.625,2360
50,366,68.044,4788.044,2360
50,367,70.722,4790.722,2360
50,368,75.595,4795.595,2360
50,369,74.833,4794.833,2360
50,370,103.917,4823.917,2360
50,371,59.308,4779.308,2360
50,372,59.091,4779.091,2360
50,373,62.317,4782.317,2360
50,374,76.570,4796.570,2360
50,375,82.894,4802.894,2360
50,376,82.835,4802.835,2360
50,377,88.520,4808.520,2360
50,378,44.739,4764.739,2360
50,379,42.720,4762.720,2360
50,380,44.951,4764.951,2360
50,381,51.358,4771.358,2360
50,382,62.519,4782.519,2360
50,383,73.017,4793.017,2360
50,384,81.546,4801.546,2360
50,385,84.462,4804.462,2360
50,386,84.203,4804.203,2360
50,387,83.397,4803.397,2360
50,388,122.140,4842.140,2360
50,389,65.775,4785.775,2360
50,390,70.178,4790.178,2360
50,391,79.419,4799.419,2360
50,392,77.494,4797.494,2360
50,393,82.476,4802.476,2360
50,394,72.819,4792.819,2360
50,395,74.297,4794.297,2360
50,396,98.414,4818.414,2360
50,397,84.152,4804.152,2360
50,398,52.991,4772.991,2360
50,399,56.420,4776.420,2360
50,400,55.342,4775.342,2360
50,401,81.430,4801.430,2360
50,402,101.848,4821.848,2360
50,403,98.911,4818.911,2360
50,404,93.297,4813.297,2360
50,405,50.633,4770.633,2360
50,406,41.875,4761.875,2360
50,407,40.672,4760.672,2360
50,408,40.785,4760.785,2360
50,409,44.969,4764.969,2360
50,410,61.028,4781.028,2360
50,411,73.320,4793.320,2360
50,412,73.899,4793.899,2360
50,413,82.707,4802.707,2360
50,414,95.150,4815.150,2360
50,415,81.272,4801.272,2360
50,416,78.408,4798.408,2360
50,417,97.140,4817.140,2360
50,418,106.297,4826.297,2360
50,419,104.943,4824.943,2360
50,420,97.909,4817.909,2360
50,421,46.106,4766.106,2360
50,422,45.915,4765.915,2360
50,423,47.046,4767.046,2360
50,424,79.003,4799.003,2360
50,425,75.050,4795.050,2360
50,426,71.235,4791.235,2360
50,427,50.528,4770.528,2360
50,428,52.164,4772.164,2360
50,429,50.751,4770.751,2360
50,430,52.960,4772.960,2360
50,431,55.729,4775.729,2360
50,432,65.960,4785.960,2360
50,433,66.625,4786.625,2360
50,434,67.634,4787.634,2360
50,435,64.217,4784.217,2360
50,436,44.376,4764.376,2360
50,437,44.460,4764.460,2360
50,438,55.768,4775.768,2360
50,439,61.805,4781.805,2360
50,440,72.606,4792.606,2360
50,441,82.394,4802.394,2360
50,442,83.310,4803.310,2360
50,443,82.025,4802.025,2360
50,444,82.229,4802.229,2360
50,445,137.004,4857.004,2360
50,446,96.714,4816.714,2360
50,447,93.618,4813.618,2360
50,448,80.135,4800.135,2360
50,449,84.391,4804.391,2360
50,450,90.105,4810.105,2360
50,451,95.619,4815.619,2360
50,452,107.392,4827.392,2360
50,453,105.982,4825.982,2360
50,454,63.447,4783.447,2360
50,455,64.178,4784.178,2360
50,456,63.883,4783.883,2360
50,457,88.903,4808.903,2360
50,458,82.221,4802.221,2360
50,459,84.473,4804.473,2360
50,460,61.801,4781.801,2360
50,461,41.154,4761.154,2360
50,462,43.437,4763.437,2360
50,463,47.122,4767.122,2360
50,464,53.047,4773.047,2360
50,465,54.408,4774.408,2360
50,466,44.157,4764.157,2360
50,467,42.323,4762.323,2360
50,468,62.730,4782.730,2360
50,469,73.398,4793.398,2360
50,470,81.684,4801.684,2360
50,471,83.782,4803.782,2360
50,472,91.808,4811.808,2360
50,473,114.827,4834.827,2360
50,474,67.375,4787.375,2360
50,475,82.013,4802.013,2360
50,476,91.913,4811.913,2360
50,477,90.494,4810.494,2360
50,478,94.837,4814.837,2360
50,479,74.980,4794.980,2360
50,480,63.481,4783.481,2360
50,481,69.917,4789.917,2360
50,482,58.942,4778.942,2360
50,483,58.803,4778.803,2360
50,484,75.270,4795.270,2360
50,485,68.313,4788.313,2360
50,486,67.227,4787.227,2360
50,487,108.720,4828.720,2360
50,488,66.087,4786.087,2360
50,489,47.475,4767.475,2360
50,490,42.286,4762.286,2360
50,491,48.341,4768.341,2360
50,492,50.846,4770.846,2360
50,493,54.829,4774.829,2360
50,494,55.025,4775.025,2360
50,495,54.221,4774.221,2360
50,496,60.354,4780.354,2360
50,497,66.647,4786.647,2360
50,498,65.541,4785.541,2360
50,499,69.484,4789.484,2360
50,500,71.605,4791.605,2360
100,1,47.528,4767.528,2360
100,2,45.363,4765.363,2360
100,3,70.188,4790.188,2360
100,4,78.941,4798.941,2360
100,5,54.966,4774.966,2360
100,6,63.432,4783.432,2360
100,7,71.991,4791.991,2360
100,8,77.029,4797.029,2360
100,9,69.056,4789.056,2360
100,10,60.641,4780.641,2360
100,11,54.135,4774.135,2360
100,12,54.720,4774.720,2360
100,13,69.160,4789.160,2360
100,14,80.858,4800.858,2360
100,15,82.395,4802.395,2360
100,16,88.209,4808.209,2360
100,17,97.323,4817.323,2360
100,18,93.258,4813.258,2360
100,19,68.891,4788.891,2360
100,20,95.226,4815.226,2360
100,21,96.594,4816.594,2360
100,22,78.858,4798.858,2360
100,23,82.778,4802.778,2360
100,24,88.917,4808.917,2360
100,25,96.742,4816.742,2360
100,26,99.837,4819.837,2360
100,27,103.721,4823.721,2360
100,28,98.471,4818.471,2360
100,29,138.529,4858.529,2360
100,30,59.862,4779.862,2360
100,31,62.270,4782.270,2360
100,32,59.917,4779.917,2360
100,33,59.577,4779.577,2360
100,34,60.737,4780.737,2360
100,35,65.823,4785.823,2360
100,36,65.262,4785.262,2360
100,37,78.795,4798.795,2360
100,38,84.910,4804.910,2360
100,39,50.256,4770.256,2360
100,40,59.156,4779.156,2360
100,41,64.674,4784.674,2360
100,42,63.895,4783.895,2360
100,43,65.357,4785.357,2360
100,44,69.505,4789.505,2360
100,45,73.791,4793.791,2360
100,46,88.177,4808.177,2360
100,47,101.570,4821.570,2360
100,48,111.614,4831.614,2360
100,49,119.693,4839.693,2360
100,50,78.941,4798.941,2360
100,51,48.604,4768.604,2360
100,52,47.445,4767.445,2360
100,53,49.481,4769.481,2360
100,54,51.025,4771.025,2360
100,55,52.114,4772.114,2360
100,56,51.678,4771.678,2360
100,57,56.825,4776.825,2360
100,58,62.802,4782.802,2360
100,59,61.516,4781.516,2360
100,60,62.246,4782.246,2360
100,61,61.532,4781.532,2360
100,62,62.412,4782.412,2360
100,63,69.957,4789.957,2360
100,64,98.952,4818.952,2360
100,65,94.440,4814.440,2360
100,66,99.732,4819.732,2360
100,67,121.152,4841.152,2360
100,68,66.352,4786.352,2360
100,69,65.017,4785.017,2360
100,70,78.295,4798.295,2360
100,71,80.255,4800.255,2360
100,72,63.924,4783.924,2360
100,73,80.325,4800.325,2360
100,74,91.839,4811.839,2360
100,75,49.104,4769.104,2360
100,76,51.992,4771.992,2360
100,77,61.088,4781.088,2360
100,78,65.853,4785.853,2360
100,79,80.263,4800.263,2360
100,80,86.489,4806.489,2360
100,81,110.732,4830.732,2360
100,82,80.786,4800.786,2360
100,83,79.080,4799.080,2360
100,84,77.818,4797.818,2360
100,85,52.547,4772.547,2360
100,86,60.000,4780.000,2360
100,87,46.062,4766.062,2360
100,88,44.609,4764.609,2360
100,89,42.454,4762.454,2360
100,90,45.070,4765.070,2360
100,91,42.509,4762.509,2360
100,92,41.766,4761.766,2360
100,93,42.443,4762.443,2360
100,94,43.009,4763.009,2360
100,95,40.350,4760.350,2360
100,96,41.939,4761.939,2360
100,97,39.859,4759.859,2360
100,98,46.374,4766.374,2360
100,99,55.845,4775.845,2360
100,100,58.691,4778.691,2360
100,101,64.886,4784.886,2360
100,102,74.046,4794.046,2360
100,103,73.606,4793.606,2360
100,104,81.629,4801.629,2360
100,105,72.492,4792.492,2360
100,106,62.636,4782.636,2360
100,107,55.742,4775.742,2360
100,108,55.568,4775.568,2360
100,109,56.295,4776.295,2360
100,110,61.610,4781.610,2360
100,111,60.617,4780.617,2360
100,112,63.930,4783.930,2360
100,113,59.090,4779.090,2360
100,114,64.498,4784.498,2360
100,115,77.382,4797.382,2360
100,116,93.364,4813.364,2360
100,117,110.626,4830.626,2360
100,118,111.398,4831.398,2360
100,119,99.937,4819.937,2360
100,120,107.529,4827.529,2360
100,121,69.928,4789.928,2360
100,122,74.265,4794.265,2360
100,123,96.436,4816.436,2360
100,124,121.176,4841.176,2360
100,125,81.443,4801.443,2360
100,126,83.594,4803.594,2360
100,127,67.921,4787.921,2360
100,128,68.469,4788.469,2360
100,129,69.626,4789.626,2360
100,130,60.619,4780.619,2360
100,131,42.690,4762.690,2360
100,132,42.157,4762.157,2360
100,133,42.017,4762.017,2360
100,134,50.179,4770.179,2360
100,135,59.151,4779.151,2360
100,136,58.485,4778.485,2360
100,137,59.790,4779.790,2360
100,138,59.993,4779.993,2360
100,139,67.066,4787.066,2360
100,140,77.847,4797.847,2360
100,141,72.742,4792.742,2360
100,142,67.527,4787.527,2360
100,143,60.694,4780.694,2360
100,144,77.114,4797.114,2360
100,145,88.588,4808.588,2360
100,146,45.170,4765.170,2360
100,147,46.908,4766.908,2360
100,148,46.323,4766.323,2360
100,149,49.244,4769.244,2360
100,150,59.130,4779.130,2360
100,151,56.202,4776.202,2360
100,152,67.907,4787.907,2360
100,153,75.351,4795.351,2360
100,154,57.815,4777.815,2360
100,155,54.445,4774.445,2360
100,156,59.614,4779.614,2360
100,157,90.347,4810.347,2360
100,158,56.717,4776.717,2360
100,159,55.634,4775.634,2360
100,160,54.575,4774.575,2360
100,161,60.184,4780.184,2360
100,162,65.188,4785.188,2360
100,163,66.146,4786.146,2360
100,164,46.640,4766.640,2360
100,165,42.337,4762.337,2360
100,166,41.802,4761.802,2360
100,167,51.596,4771.596,2360
100,168,49.104,4769.104,2360
100,169,51.766,4771.766,2360
100,170,60.934,4780.934,2360
100,171,71.332,4791.332,2360
100,172,114.811,4834.811,2360
100,173,105.284,4825.284,2360
100,174,108.394,4828.394,2360
100,175,59.323,4779.323,2360
100,176,67.026,4787.026,2360
100,177,74.450,4794.450,2360
100,178,90.583,4810.583,2360
100,179,98.602,4818.602,2360
100,180,68.587,4788.587,2360
100,181,80.775,4800.775,2360
100,182,99.738,4819.738,2360
100,183,89.422,4809.422,2360
100,184,107.584,4827.584,2360
100,185,119.432,4839.432,2360
100,186,48.454,4768.454,2360
100,187,46.189,4766.189,2360
100,188,43.592,4763.592,2360
100,189,42.876,4762.876,2360
100,190,50.329,4770.329,2360
100,191,56.119,4776.119,2360
100,192,58.511,4778.511,2360
100,193,41.587,4761.587,2360
100,194,42.497,4762.497,2360
100,195,43.985,4763.985,2360
100,196,44.230,4764.230,2360
100,197,49.496,4769.496,2360
100,198,56.630,4776.630,2360
100,199,66.703,4786.703,2360
100,200,75.174,4795.174,2360
100,201,72.800,4792.800,2360
100,202,73.890,4793.890,2360
100,203,72.560,4792.560,2360
100,204,72.048,4792.048,2360
100,205,107.385,4827.385,2360
100,206,105.003,4825.003,2360
100,207,139.257,4859.257,2360
100,208,77.810,4797.810,2360
100,209,64.051,4784.051,2360
100,210,83.577,4803.577,2360
100,211,89.254,4809.254,2360
100,212,55.393,4775.393,2360
100,213,53.723,4773.723,2360
100,214,81.049,4801.049,2360
100,215,106.816,4826.816,2360
100,216,108.300,4828.300,2360
100,217,104.620,4824.620,2360
100,218,85.034,4805.034,2360
100,219,51.180,4771.180,2360
100,220,43.870,4763.870,2360
100,221,47.343,4767.343,2360
100,222,47.497,4767.497,2360
100,223,58.445,4778.445,2360
100,224,70.000,4790.000,2360
100,225,76.487,4796.487,2360
100,226,116.224,4836.224,2360
100,227,109.999,4829.999,2360
100,228,95.239,4815.239,2360
100,229,45.240,4765.240,2360
100,230,45.952,4765.952,2360
100,231,53.573,4773.573,2360
100,232,62.766,4782.766,2360
100,233,78.786,4798.786,2360
100,234,90.049,4810.049,2360
100,235,89.694,4809.694,2360
100,236,89.042,4809.042,2360
100,237,106.842,4826.842,2360
100,238,80.984,4800.984,2360
100,239,72.806,4792.806,2360
100,240,82.508,4802.508,2360
100,241,90.578,4810.578,2360
100,242,91.465,4811.465,2360
100,243,89.795,4809.795,2360
100,244,90.142,4810.142,2360
100,245,90.052,4810.052,2360
100,246,89.120,4809.120,2360
100,247,76.635,4796.635,2360
100,248,86.573,4806.573,2360
100,249,84.034,4804.034,2360
100,250,83.221,4803.221,2360
100,251,124.148,4844.148,2360
100,252,94.473,4814.473,2360
100,253,92.778,4812.778,2360
100,254,93.239,4813.239,2360
100,255,67.443,4787.443,2360
100,256,66.688,4786.688,2360
100,257,73.022,4793.022,2360
100,258,80.318,4800.318,2360
100,259,93.339,4813.339,2360
100,260,100.979,4820.979,2360
100,261,101.433,4821.433,2360
100,262,124.804,4844.804,2360
100,263,105.169,4825.169,2360
100,264,46.844,4766.844,2360
100,265,45.177,4765.177,2360
100,266,69.493,4789.493,2360
100,267,72.148,4792.148,2360
100,268,71.942,4791.942,2360
100,269,73.036,4793.036,2360
100,270,60.241,4780.241,2360
100,271,42.996,4762.996,2360
100,272,42.429,4762.429,2360
100,273,44.196,4764.196,2360
100,274,46.718,4766.718,2360
100,275,66.161,4786.161,2360
100,276,83.769,4803.769,2360
100,277,85.189,4805.189,2360
100,278,82.353,4802.353,2360
100,279,96.303,4816.303,2360
100,280,51.533,4771.533,2360
100,281,52.944,4772.944,2360
100,282,64.956,4784.956,2360
100,283,104.398,4824.398,2360
100,284,95.485,4815.485,2360
100,285,97.079,4817.079,2360
100,286,94.373,4814.373,2360
100,287,90.904,4810.904,2360
100,288,62.259,4782.259,2360
100,289,63.241,4783.241,2360
100,290,69.753,4789.753,2360
100,291,81.620,4801.620,2360
100,292,50.462,4770.462,2360
100,293,51.390,4771.390,2360
100,294,52.206,4772.206,2360
100,295,47.083,4767.083,2360
100,296,43.054,4763.054,2360
100,297,77.222,4797.222,2360
100,298,83.539,4803.539,2360
100,299,90.822,4810.822,2360
100,300,45.979,4765.979,2360
100,301,40.557,4760.557,2360
100,302,41.996,4761.996,2360
100,303,53.312,4773.312,2360
100,304,81.248,4801.248,2360
100,305,100.628,4820.628,2360
100,306,90.029,4810.029,2360
100,307,70.530,4790.530,2360
100,308,76.473,4796.473,2360
100,309,61.043,4781.043,2360
100,310,59.368,4779.368,2360
100,311,72.941,4792.941,2360
100,312,81.743,4801.743,2360
100,313,83.170,4803.170,2360
100,314,82.560,4802.560,2360
100,315,86.147,4806.147,2360
100,316,53.236,4773.236,2360
100,317,54.640,4774.640,2360
100,318,63.622,4783.622,2360
100,319,60.290,4780.290,2360
100,320,50.541,4770.541,2360
100,321,57.622,4777.622,2360
100,322,60.549,4780.549,2360
100,323,66.751,4786.751,2360
100,324,70.766,4790.766,2360
100,325,70.096,4790.096,2360
100,326,109.930,4829.930,2360
100,327,65.175,4785.175,2360
100,328,80.330,4800.330,2360
100,329,55.475,4775.475,2360
100,330,42.320,4762.320,2360
100,331,43.942,4763.942,2360
100,332,53.092,4773.092,2360
100,333,63.622,4783.622,2360
100,334,73.762,4793.762,2360
100,335,71.901,4791.901,2360
100,336,77.793,4797.793,2360
100,337,88.123,4808.123,2360
100,338,75.538,4795.538,2360
100,339,76.042,4796.042,2360
100,340,76.000,4796.000,2360
100,341,75.887,4795.887,2360
100,342,76.303,4796.303,2360
100,343,77.162,4797.162,2360
100,344,75.143,4795.143,2360
100,345,75.420,4795.420,2360
100,346,81.520,4801.520,2360
100,347,101.169,4821.169,2360
100,348,49.117,4769.117,2360
100,349,53.044,4773.044,2360
100,350,53.036,4773.036,2360
100,351,56.316,4776.316,2360
100,352,56.499,4776.499,2360
100,353,61.017,4781.017,2360
100,354,94.146,4814.146,2360
100,355,78.969,4798.969,2360
100,356,81.375,4801.375,2360
100,357,96.868,4816.868,2360
100,358,52.686,4772.686,2360
100,359,42.697,4762.697,2360
100,360,50.052,4770.052,2360
100,361,55.468,4775.468,2360
100,362,70.794,4790.794,2360
100,363,78.329,4798.329,2360
100,364,49.477,4769.477,2360
100,365,51.691,4771.691,2360
100,366,65.330,4785.330,2360
100,367,57.223,4777.223,2360
100,368,43.208,4763.208,2360
100,369,44.547,4764.547,2360
100,370,51.389,4771.389,2360
100,371,56.256,4776.256,2360
100,372,61.847,4781.847,2360
100,373,65.376,4785.376,2360
100,374,65.213,4785.213,2360
100,375,72.508,4792.508,2360
100,376,81.455,4801.455,2360
100,377,87.808,4807.808,2360
100,378,102.961,4822.961,2360
100,379,90.101,4810.101,2360
100,380,96.585,4816.585,2360
100,381,85.404,4805.404,2360
100,382,87.252,4807.252,2360
100,383,86.604,4806.604,2360
100,384,73.175,4793.175,2360
100,385,93.585,4813.585,2360
100,386,95.728,4815.728,2360
100,387,46.225,4766.225,2360
100,388,42.578,4762.578,2360
100,389,40.626,4760.626,2360
100,390,49.096,4769.096,2360
100,391,89.088,4809.088,2360
100,392,79.753,4799.753,2360
100,393,108.333,4828.333,2360
100,394,90.377,4810.377,2360
100,395,53.789,4773.789,2360
100,396,73.064,4793.064,2360
100,397,91.460,4811.460,2360
100,398,96.060,4816.060,2360
100,399,105.374,4825.374,2360
100,400,132.233,4852.233,2360
100,401,91.096,4811.096,2360
100,402,74.276,4794.276,2360
100,403,102.204,4822.204,2360
100,404,107.196,4827.196,2360
100,405,69.534,4789.534,2360
100,406,66.671,4786.671,2360
100,407,67.316,4787.316,2360
100,408,87.606,4807.606,2360
100,409,81.613,4801.613,2360
100,410,88.851,4808.851,2360
100,411,99.522,4819.522,2360
100,412,44.308,4764.308,2360
100,413,42.415,4762.415,2360
100,414,41.018,4761.018,2360
100,415,42.561,4762.561,2360
100,416,46.660,4766.660,2360
100,417,45.294,4765.294,2360
100,418,42.289,4762.289,2360
100,419,59.842,4779.842,2360
100,420,65.741,4785.741,2360
100,421,65.806,4785.806,2360
100,422,67.619,4787.619,2360
100,423,85.350,4805.350,2360
100,424,122.901,4842.901,2360
100,425,83.937,4803.937,2360
100,426,98.213,4818.213,2360
100,427,77.177,4797.177,2360
100,428,87.955,4807.955,2360
100,429,82.469,4802.469,2360
100,430,61.505,4781.505,2360
100,431,61.390,4781.390,2360
100,432,60.663,4780.663,2360
100,433,67.189,4787.189,2360
100,434,75.677,4795.677,2360
100,435,75.171,4795.171,2360
100,436,76.167,4796.167,2360
100,437,96.861,4816.861,2360
100,438,70.428,4790.428,2360
100,439,66.496,4786.496,2360
100,440,96.932,4816.932,2360
100,441,64.770,4784.770,2360
100,442,41.088,4761.088,2360
100,443,41.007,4761.007,2360
100,444,42.558,4762.558,2360
100,445,41.893,4761.893,2360
100,446,45.868,4765.868,2360
100,447,63.994,4783.994,2360
100,448,110.913,4830.913,2360
100,449,119.834,4839.834,2360
100,450,93.258,4813.258,2360
100,451,104.062,4824.062,2360
100,452,77.337,4797.337,2360
100,453,76.874,4796.874,2360
100,454,94.921,4814.921,2360
100,455,79.705,4799.705,2360
100,456,89.490,4809.490,2360
100,457,87.171,4807.171,2360
100,458,90.740,4810.740,2360
100,459,111.574,4831.574,2360
100,460,68.607,4788.607,2360
100,461,70.652,4790.652,2360
100,462,75.288,4795.288,2360
100,463,76.107,4796.107,2360
100,464,74.924,4794.924,2360
100,465,85.756,4805.756,2360
100,466,73.066,4793.066,2360
100,467,69.330,4789.330,2360
100,468,41.751,4761.751,2360
100,469,42.005,4762.005,2360
100,470,50.657,4770.657,2360
100,471,68.187,4788.187,2360
100,472,71.693,4791.693,2360
100,473,72.837,4792.837,2360
100,474,68.306,4788.306,2360
100,475,45.573,4765.573,2360
100,476,56.674,4776.674,2360
100,477,64.733,4784.733,2360
100,478,119.728,4839.728,2360
100,479,126.051,4846.051,2360
100,480,120.338,4840.338,2360
100,481,68.386,4788.386,2360
100,482,70.006,4790.006,2360
100,483,85.366,4805.366,2360
100,484,103.023,4823.023,2360
100,485,99.239,4819.239,2360
100,486,49.181,4769.181,2360
100,487,54.636,4774.636,2360
100,488,95.387,4815.387,2360
100,489,112.861,4832.861,2360
100,490,109.710,4829.710,2360
100,491,81.239,4801.239,2360
100,492,125.031,4845.031,2360
100,493,42.618,4762.618,2360
100,494,42.105,4762.105,2360
100,495,40.859,4760.859,2360
100,496,45.977,4765.977,2360
100,497,63.483,4783.483,2360
100,498,73.361,4793.361,2360
100,499,80.496,4800.496,2360
100,500,94.594,4814.594,2360
250,1,47.535,4767.535,2360
250,2,45.842,4765.842,2360
250,3,49.730,4769.730,2360
250,4,51.770,4771.770,2360
250,5,58.486,4778.486,2360
250,6,65.114,4785.114,2360
250,7,78.087,4798.087,2360
250,8,86.088,4806.088,2360
250,9,47.590,4767.590,2360
250,10,49.903,4769.903,2360
250,11,63.889,4783.889,2360
250,12,66.454,4786.454,2360
250,13,66.740,4786.740,2360
250,14,71.473,4791.473,2360
250,15,84.215,4804.215,2360
250,16,86.781,4806.781,2360
250,17,97.960,4817.960,2360
250,18,67.558,4787.558,2360
250,19,74.670,4794.670,2360
250,20,93.537,4813.537,2360
250,21,81.234,4801.234,2360
250,22,50.464,4770.464,2360
250,23,52.172,4772.172,2360
250,24,56.036,4776.036,2360
250,25,97.065,4817.065,2360
250,26,71.457,4791.457,2360
250,27,49.008,4769.008,2360
250,28,51.219,4771.219,2360
250,29,58.363,4778.363,2360
250,30,66.292,4786.292,2360
250,31,59.082,4779.082,2360
250,32,41.799,4761.799,2360
250,33,42.244,4762.244,2360
250,34,46.079,4766.079,2360
250,35,49.605,4769.605,2360
250,36,64.534,4784.534,2360
250,37,73.957,4793.957,2360
250,38,49.181,4769.181,2360
250,39,52.808,4772.808,2360
250,40,64.239,4784.239,2360
250,41,69.048,4789.048,2360
250,42,80.617,4800.617,2360
250,43,78.698,4798.698,2360
250,44,84.047,4804.047,2360
250,45,91.555,4811.555,2360
250,46,90.372,4810.372,2360
250,47,91.452,4811.452,2360
250,48,118.559,4838.559,2360
250,49,111.600,4831.600,2360
250,50,56.186,4776.186,2360
250,51,54.530,4774.530,2360
250,52,70.101,4790.101,2360
250,53,107.552,4827.552,2360
250,54,67.384,4787.384,2360
250,55,77.010,4797.010,2360
250,56,82.126,4802.126,2360
250,57,83.016,4803.016,2360
250,58,85.134,4805.134,2360
250,59,50.057,4770.057,2360
250,60,41.324,4761.324,2360
250,61,41.803,4761.803,2360
250,62,46.120,4766.120,2360
250,63,56.864,4776.864,2360
250,64,69.379,4789.379,2360
250,65,82.795,4802.795,2360
250,66,83.933,4803.933,2360
250,67,118.971,4838.971,2360
250,68,89.812,4809.812,2360
250,69,98.016,4818.016,2360
250,70,78.538,4798.538,2360
250,71,93.164,4813.164,2360
250,72,98.603,4818.603,2360
250,73,47.212,4767.212,2360
250,74,45.417,4765.417,2360
250,75,51.764,4771.764,2360
250,76,54.523,4774.523,2360
250,77,64.964,4784.964,2360
250,78,54.214,4774.214,2360
250,79,54.322,4774.322,2360
250,80,55.434,4775.434,2360
250,81,63.959,4783.959,2360
250,82,65.622,4785.622,2360
250,83,66.168,4786.168,2360
250,84,71.294,4791.294,2360
250,85,87.848,4807.848,2360
250,86,104.526,4824.526,2360
250,87,90.829,4810.829,2360
250,88,52.991,4772.991,2360
250,89,40.762,4760.762,2360
250,90,43.871,4763.871,2360
250,91,41.461,4761.461,2360
250,92,48.142,4768.142,2360
250,93,45.781,4765.781,2360
250,94,43.978,4763.978,2360
250,95,41.811,4761.811,2360
250,96,42.593,4762.593,2360
250,97,47.164,4767.164,2360
250,98,43.145,4763.145,2360
250,99,42.497,4762.497,2360
250,100,43.722,4763.722,2360
250,101,52.981,4772.981,2360
250,102,56.449,4776.449,2360
250,103,60.404,4780.404,2360
250,104,64.935,4784.935,2360
250,105,67.441,4787.441,2360
250,106,109.595,4829.595,2360
250,107,120.900,4840.900,2360
250,108,50.219,4770.219,2360
250,109,52.615,4772.615,2360
250,110,54.715,4774.715,2360
250,111,55.465,4775.465,2360
250,112,62.038,4782.038,2360
250,113,66.525,4786.525,2360
250,114,68.116,4788.116,2360
250,115,88.318,4808.318,2360
250,116,95.975,4815.975,2360
250,117,107.511,4827.511,2360
250,118,87.078,4807.078,2360
250,119,57.117,4777.117,2360
250,120,62.192,4782.192,2360
250,121,69.216,4789.216,2360
250,122,55.967,4775.967,2360
250,123,72.070,4792.070,2360
250,124,91.736,4811.736,2360
250,125,95.742,4815.742,2360
250,126,77.110,4797.110,2360
250,127,86.800,4806.800,2360
250,128,88.002,4808.002,2360
250,129,41.635,4761.635,2360
250,130,43.266,4763.266,2360
250,131,47.745,4767.745,2360
250,132,55.222,4775.222,2360
250,133,61.002,4781.002,2360
250,134,103.607,4823.607,2360
250,135,110.558,4830.558,2360
250,136,80.473,4800.473,2360
250,137,81.003,4801.003,2360
250,138,88.944,4808.944,2360
250,139,89.181,4809.181,2360
250,140,65.519,4785.519,2360
250,141,68.006,4788.006,2360
250,142,74.946,4794.946,2360
250,143,75.601,4795.601,2360
250,144,85.586,4805.586,2360
250,145,92.279,4812.279,2360
250,146,92.726,4812.726,2360
250,147,69.892,4789.892,2360
250,148,87.295,4807.295,2360
250,149,54.196,4774.196,2360
250,150,55.870,4775.870,2360
250,151,63.354,4783.354,2360
250,152,65.851,4785.851,2360
250,153,70.405,4790.405,2360
250,154,72.495,4792.495,2360
250,155,69.526,4789.526,2360
250,156,49.828,4769.828,2360
250,157,47.253,4767.253,2360
250,158,44.331,4764.331,2360
250,159,55.373,4775.373,2360
250,160,65.848,4785.848,2360
250,161,66.013,4786.013,2360
250,162,103.908,4823.908,2360
250,163,85.412,4805.412,2360
250,164,62.363,4782.363,2360
250,165,55.917,4775.917,2360
250,166,57.425,4777.425,2360
250,167,63.298,4783.298,2360
250,168,54.433,4774.433,2360
250,169,57.152,4777.152,2360
250,170,61.198,4781.198,2360
250,171,66.774,4786.774,2360
250,172,64.750,4784.750,2360
250,173,73.019,4793.019,2360
250,174,92.989,4812.989,2360
250,175,97.356,4817.356,2360
250,176,80.362,4800.362,2360
250,177,79.823,4799.823,2360
250,178,86.724,4806.724,2360
250,179,69.196,4789.196,2360
250,180,72.697,4792.697,2360
250,181,82.409,4802.409,2360
250,182,90.618,4810.618,2360
250,183,98.471,4818.471,2360
250,184,73.827,4793.827,2360
250,185,42.122,4762.122,2360
250,186,42.373,4762.373,2360
250,187,43.516,4763.516,2360
250,188,45.284,4765.284,2360
250,189,53.671,4773.671,2360
250,190,66.333,4786.333,2360
250,191,71.228,4791.228,2360
250,192,50.981,4770.981,2360
250,193,50.884,4770.884,2360
250,194,50.788,4770.788,2360
250,195,76.314,4796.314,2360
250,196,80.475,4800.475,2360
250,197,70.418,4790.418,2360
250,198,78.142,4798.142,2360
250,199,66.948,4786.948,2360
250,200,71.623,4791.623,2360
250,201,105.705,4825.705,2360
250,202,89.157,4809.157,2360
250,203,74.831,4794.831,2360
250,204,79.822,4799.822,2360
250,205,51.442,4771.442,2360
250,206,64.760,4784.760,2360
250,207,73.644,4793.644,2360
250,208,71.788,4791.788,2360
250,209,98.165,4818.165,2360
250,210,63.118,4783.118,2360
250,211,64.656,4784.656,2360
250,212,61.546,4781.546,2360
250,213,78.605,4798.605,2360
250,214,70.493,4790.493,2360
250,215,40.625,4760.625,2360
250,216,41.347,4761.347,2360
250,217,46.629,4766.629,2360
250,218,46.143,4766.143,2360
250,219,53.874,4773.874,2360
250,220,74.291,4794.291,2360
250,221,96.473,4816.473,2360
250,222,93.815,4813.815,2360
250,223,66.884,4786.884,2360
250,224,67.240,4787.240,2360
250,225,67.802,4787.802,2360
250,226,69.119,4789.119,2360
250,227,69.225,4789.225,2360
250,228,83.917,4803.917,2360
250,229,87.831,4807.831,2360
250,230,116.270,4836.270,2360
250,231,119.869,4839.869,2360
250,232,112.202,4832.202,2360
250,233,118.857,4838.857,2360
250,234,103.641,4823.641,2360
250,235,114.977,4834.977,2360
250,236,90.101,4810.101,2360
250,237,89.218,4809.218,2360
250,238,79.693,4799.693,2360
250,239,87.058,4807.058,2360
250,240,90.149,4810.149,2360
250,241,86.655,4806.655,2360
250,242,85.931,4805.931,2360
250,243,72.487,4792.487,2360
250,244,75.764,4795.764,2360
250,245,83.957,4803.957,2360
250,246,74.410,4794.410,2360
250,247,77.979,4797.979,2360
250,248,78.984,4798.984,2360
250,249,78.195,4798.195,2360
250,250,78.825,4798.825,2360
250,251,98.328,4818.328,2360
250,252,122.014,4842.014,2360
250,253,113.720,4833.720,2360
250,254,95.572,4815.572,2360
250,255,103.894,4823.894,2360
250,256,116.071,4836.071,2360
250,257,95.377,4815.377,2360
250,258,107.991,4827.991,2360
250,259,58.816,4778.816,2360
250,260,74.226,4794.226,2360
250,261,86.196,4806.196,2360
250,262,80.262,4800.262,2360
250,263,56.989,4776.989,2360
250,264,47.768,4767.768,2360
250,265,42.814,4762.814,2360
250,266,45.093,4765.093,2360
250,267,44.750,4764.750,2360
250,268,47.430,4767.430,2360
250,269,47.149,4767.149,2360
250,270,48.401,4768.401,2360
250,271,49.770,4769.770,2360
250,272,51.109,4771.109,2360
250,273,52.866,4772.866,2360
250,274,54.085,4774.085,2360
250,275,57.571,4777.571,2360
250,276,65.698,4785.698,2360
250,277,74.486,4794.486,2360
250,278,71.190,4791.190,2360
250,279,70.577,4790.577,2360
250,280,74.454,4794.454,2360
250,281,80.044,4800.044,2360
250,282,85.081,4805.081,2360
250,283,118.128,4838.128,2360
250,284,100.772,4820.772,2360
250,285,57.814,4777.814,2360
250,286,64.326,4784.326,2360
250,287,81.932,4801.932,2360
250,288,71.773,4791.773,2360
250,289,71.637,4791.637,2360
250,290,73.024,4793.024,2360
250,291,79.609,4799.609,2360
250,292,54.719,4774.719,2360
250,293,53.429,4773.429,2360
250,294,53.401,4773.401,2360
250,295,48.502,4768.502,2360
250,296,42.804,4762.804,2360
250,297,43.585,4763.585,2360
250,298,46.119,4766.119,2360
250,299,45.046,4765.046,2360
250,300,43.520,4763.520,2360
250,301,50.933,4770.933,2360
250,302,84.643,4804.643,2360
250,303,75.474,4795.474,2360
250,304,76.228,4796.228,2360
250,305,82.357,4802.357,2360
250,306,93.584,4813.584,2360
250,307,99.993,4819.993,2360
250,308,98.285,4818.285,2360
250,309,99.745,4819.745,2360
250,310,93.063,4813.063,2360
250,311,87.289,4807.289,2360
250,312,94.364,4814.364,2360
250,313,99.505,4819.505,2360
250,314,56.786,4776.786,2360
250,315,56.896,4776.896,2360
250,316,56.765,4776.765,2360
250,317,61.780,4781.780,2360
250,318,70.827,4790.827,2360
250,319,66.117,4786.117,2360
250,320,76.937,4796.937,2360
250,321,62.634,4782.634,2360
250,322,64.655,4784.655,2360
250,323,64.448,4784.448,2360
250,324,48.877,4768.877,2360
250,325,42.743,4762.743,2360
250,326,52.049,4772.049,2360
250,327,59.779,4779.779,2360
250,328,49.278,4769.278,2360
250,329,48.330,4768.330,2360
250,330,48.953,4768.953,2360
250,331,48.928,4768.928,2360
250,332,57.601,4777.601,2360
250,333,61.552,4781.552,2360
250,334,70.192,4790.192,2360
250,335,76.594,4796.594,2360
250,336,76.743,4796.743,2360
250,337,83.105,4803.105,2360
250,338,93.119,4813.119,2360
250,339,70.276,4790.276,2360
250,340,62.216,4782.216,2360
250,341,109.612,4829.612,2360
250,342,77.326,4797.326,2360
250,343,75.842,4795.842,2360
250,344,83.461,4803.461,2360
250,345,93.810,4813.810,2360
250,346,71.967,4791.967,2360
250,347,70.616,4790.616,2360
250,348,70.424,4790.424,2360
250,349,61.534,4781.534,2360
250,350,68.546,4788.546,2360
250,351,51.662,4771.662,2360
250,352,53.670,4773.670,2360
250,353,55.421,4775.421,2360
250,354,56.015,4776.015,2360
250,355,41.872,4761.872,2360
250,356,44.125,4764.125,2360
250,357,47.055,4767.055,2360
250,358,52.399,4772.399,2360
250,359,67.695,4787.695,2360
250,360,114.344,4834.344,2360
250,361,85.458,4805.458,2360
250,362,86.407,4806.407,2360
250,363,91.767,4811.767,2360
250,364,60.611,4780.611,2360
250,365,59.207,4779.207,2360
250,366,99.733,4819.733,2360
250,367,86.325,4806.325,2360
250,368,72.010,4792.010,2360
250,369,75.431,4795.431,2360
250,370,82.503,4802.503,2360
250,371,82.892,4802.892,2360
250,372,80.559,4800.559,2360
250,373,86.545,4806.545,2360
250,374,68.219,4788.219,2360
250,375,62.981,4782.981,2360
250,376,48.115,4768.115,2360
250,377,48.164,4768.164,2360
250,378,56.794,4776.794,2360
250,379,68.819,4788.819,2360
250,380,68.883,4788.883,2360
250,381,66.601,4786.601,2360
250,382,60.084,4780.084,2360
250,383,53.345,4773.345,2360
250,384,42.622,4762.622,2360
250,385,40.837,4760.837,2360
250,386,50.030,4770.030,2360
250,387,60.205,4780.205,2360
250,388,59.218,4779.218,2360
250,389,64.139,4784.139,2360
250,390,67.533,4787.533,2360
250,391,73.002,4793.002,2360
250,392,73.260,4793.260,2360
250,393,111.021,4831.021,2360
250,394,87.676,4807.676,2360
250,395,91.637,4811.637,2360
250,396,118.612,4838.612,2360
250,397,92.965,4812.965,2360
250,398,70.430,4790.430,2360
250,399,78.366,4798.366,2360
250,400,99.145,4819.145,2360
250,401,42.583,4762.583,2360
250,402,41.318,4761.318,2360
250,403,47.008,4767.008,2360
250,404,58.346,4778.346,2360
250,405,103.024,4823.024,2360
250,406,72.672,4792.672,2360
250,407,73.837,4793.837,2360
250,408,98.548,4818.548,2360
250,409,82.492,4802.492,2360
250,410,102.832,4822.832,2360
250,411,42.494,4762.494,2360
250,412,43.284,4763.284,2360
250,413,43.466,4763.466,2360
250,414,40.652,4760.652,2360
250,415,41.475,4761.475,2360
250,416,58.041,4778.041,2360
250,417,68.305,4788.305,2360
250,418,73.231,4793.231,2360
250,419,82.916,4802.916,2360
250,420,103.766,4823.766,2360
250,421,108.063,4828.063,2360
250,422,75.703,4795.703,2360
250,423,82.987,4802.987,2360
250,424,82.962,4802.962,2360
250,425,52.925,4772.925,2360
250,426,56.619,4776.619,2360
250,427,62.968,4782.968,2360
250,428,56.528,4776.528,2360
250,429,62.475,4782.475,2360
250,430,66.357,4786.357,2360
250,431,65.516,4785.516,2360
250,432,81.102,4801.102,2360
250,433,79.490,4799.490,2360
250,434,80.311,4800.311,2360
250,435,133.769,4853.769,2360
250,436,145.867,4865.867,2360
250,437,95.804,4815.804,2360
250,438,56.446,4776.446,2360
250,439,41.208,4761.208,2360
250,440,52.218,4772.218,2360
250,441,65.333,4785.333,2360
250,442,77.920,4797.920,2360
250,443,91.915,4811.915,2360
250,444,96.027,4816.027,2360
250,445,124.765,4844.765,2360
250,446,63.099,4783.099,2360
250,447,48.315,4768.315,2360
250,448,48.793,4768.793,2360
250,449,47.987,4767.987,2360
250,450,48.578,4768.578,2360
250,451,47.598,4767.598,2360
250,452,48.856,4768.856,2360
250,453,48.446,4768.446,2360
250,454,46.782,4766.782,2360
250,455,51.078,4771.078,2360
250,456,65.876,4785.876,2360
250,457,94.217,4814.217,2360
250,458,53.820,4773.820,2360
250,459,53.020,4773.020,2360
250,460,52.375,4772.375,2360
250,461,67.615,4787.615,2360
250,462,78.626,4798.626,2360
250,463,79.866,4799.866,2360
250,464,58.895,4778.895,2360
250,465,61.105,4781.105,2360
250,466,59.965,4779.965,2360
250,467,58.716,4778.716,2360
250,468,81.677,4801.677,2360
250,469,87.020,4807.020,2360
250,470,41.783,4761.783,2360
250,471,40.925,4760.925,2360
250,472,41.663,4761.663,2360
250,473,53.406,4773.406,2360
250,474,54.510,4774.510,2360
250,475,66.696,4786.696,2360
250,476,116.130,4836.130,2360
250,477,75.571,4795.571,2360
250,478,82.250,4802.250,2360
250,479,86.029,4806.029,2360
250,480,83.230,4803.230,2360
250,481,55.738,4775.738,2360
250,482,62.540,4782.540,2360
250,483,72.226,4792.226,2360
250,484,74.950,4794.950,2360
250,485,96.438,4816.438,2360
250,486,88.913,4808.913,2360
250,487,84.121,4804.121,2360
250,488,63.119,4783.119,2360
250,489,85.581,4805.581,2360
250,490,105.367,4825.367,2360
250,491,104.874,4824.874,2360
250,492,107.908,4827.908,2360
250,493,87.578,4807.578,2360
250,494,100.219,4820.219,2360
250,495,49.914,4769.914,2360
250,496,44.652,4764.652,2360
250,497,42.044,4762.044,2360
250,498,40.012,4760.012,2360
250,499,50.874,4770.874,2360
250,500,106.356,4826.356,2360
10,1,54.309,5778.309,2862
10,2,51.171,5775.171,2862
10,3,56.267,5780.267,2862
10,4,67.554,5791.554,2862
10,5,72.664,5796.664,2862
10,6,76.917,5800.917,2862
10,7,61.525,5785.525,2862
10,8,61.808,5785.808,2862
10,9,68.090,5792.090,2862
10,10,97.482,5821.482,2862
10,11,137.127,5861.127,2862
10,12,125.526,5849.526,2862
10,13,110.295,5834.295,2862
10,14,107.137,5831.137,2862
10,15,107.541,5831.541,2862
10,16,106.101,5830.101,2862
10,17,71.760,5795.760,2862
10,18,76.566,5800.566,2862
10,19,86.599,5810.599,2862
10,20,94.115,5818.115,2862
10,21,91.242,5815.242,2862
10,22,65.111,5789.111,2862
10,23,53.030,5777.030,2862
10,24,53.878,5777.878,2862
10,25,57.579,5781.579,2862
10,26,50.200,5774.200,2862
10,27,49.428,5773.428,2862
10,28,57.198,5781.198,2862
10,29,60.159,5784.159,2862
10,30,66.722,5790.722,2862
10,31,81.868,5805.868,2862
10,32,87.466,5811.466,2862
10,33,76.629,5800.629,2862
10,34,76.701,5800.701,2862
10,35,75.711,5799.711,2862
10,36,88.432,5812.432,2862
10,37,68.022,5792.022,2862
10,38,52.209,5776.209,2862
10,39,51.408,5775.408,2862
10,40,59.322,5783.322,2862
10,41,82.788,5806.788,2862
10,42,58.063,5782.063,2862
10,43,58.303,5782.303,2862
10,44,95.711,5819.711,2862
10,45,88.103,5812.103,2862
10,46,122.534,5846.534,2862
10,47,95.697,5819.697,2862
10,48,101.530,5825.530,2862
10,49,109.300,5833.300,2862
10,50,121.793,5845.793,2862
10,51,81.753,5805.753,2862
10,52,49.002,5773.002,2862
10,53,61.841,5785.841,2862
10,54,72.523,5796.523,2862
10,55,82.162,5806.162,2862
10,56,94.547,5818.547,2862
10,57,98.609,5822.609,2862
10,58,121.110,5845.110,2862
10,59,84.135,5808.135,2862
10,60,87.032,5811.032,2862
10,61,98.574,5822.574,2862
10,62,69.940,5793.940,2862
10,63,74.012,5798.012,2862
10,64,93.493,5817.493,2862
10,65,115.053,5839.053,2862
10,66,119.748,5843.748,2862
10,67,137.488,5861.488,2862
10,68,92.830,5816.830,2862
10,69,67.935,5791.935,2862
10,70,68.301,5792.301,2862
10,71,68.696,5792.696,2862
10,72,71.984,5795.984,2862
10,73,78.343,5802.343,2862
10,74,58.346,5782.346,2862
10,75,62.750,5786.750,2862
10,76,71.984,5795.984,2862
10,77,90.549,5814.549,2862
10,78,126.352,5850.352,2862
10,79,82.461,5806.461,2862
10,80,84.678,5808.678,2862
10,81,89.677,5813.677,2862
10,82,91.354,5815.354,2862
10,83,71.419,5795.419,2862
10,84,77.136,5801.136,2862
10,85,83.187,5807.187,2862
10,86,90.226,5814.226,2862
10,87,103.297,5827.297,2862
10,88,98.425,5822.425,2862
10,89,136.407,5860.407,2862
10,90,62.709,5786.709,2862
10,91,51.321,5775.321,2862
10,92,55.409,5779.409,2862
10,93,62.425,5786.425,2862
10,94,64.949,5788.949,2862
10,95,76.125,5800.125,2862
10,96,86.797,5810.797,2862
10,97,85.780,5809.780,2862
10,98,87.212,5811.212,2862
10,99,76.650,5800.650,2862
10,100,65.433,5789.433,2862
10,101,65.930,5789.930,2862
10,102,75.796,5799.796,2862
10,103,94.492,5818.492,2862
10,104,86.922,5810.922,2862
10,105,84.504,5808.504,2862
10,106,66.902,5790.902,2862
10,107,66.624,5790.624,2862
10,108,66.287,5790.287,2862
10,109,65.921,5789.921,2862
10,110,71.263,5795.263,2862
10,111,63.579,5787.579,2862
10,112,65.411,5789.411,2862
10,113,60.548,5784.548,2862
10,114,74.675,5798.675,2862
10,115,82.246,5806.246,2862
10,116,57.056,5781.056,2862
10,117,64.443,5788.443,2862
10,118,112.711,5836.711,2862
10,119,112.036,5836.036,2862
10,120,101.307,5825.307,2862
10,121,106.388,5830.388,2862
10,122,65.039,5789.039,2862
10,123,65.211,5789.211,2862
10,124,64.642,5788.642,2862
10,125,58.551,5782.551,2862
10,126,72.029,5796.029,2862
10,127,82.194,5806.194,2862
10,128,117.080,5841.080,2862
10,129,127.374,5851.374,2862
10,130,127.552,5851.552,2862
10,131,134.141,5858.141,2862
10,132,71.714,5795.714,2862
10,133,79.546,5803.546,2862
10,134,95.373,5819.373,2862
10,135,75.894,5799.894,2862
10,136,77.135,5801.135,2862
10,137,119.611,5843.611,2862
10,138,151.368,5875.368,2862
10,139,115.472,5839.472,2862
10,140,67.425,5791.425,2862
10,141,80.624,5804.624,2862
10,142,88.669,5812.669,2862
10,143,58.896,5782.896,2862
10,144,58.335,5782.335,2862
10,145,52.339,5776.339,2862
10,146,52.869,5776.869,2862
10,147,57.854,5781.854,2862
10,148,58.889,5782.889,2862
10,149,60.342,5784.342,2862
10,150,69.019,5793.019,2862
10,151,81.849,5805.849,2862
10,152,85.640,5809.640,2862
10,153,67.304,5791.304,2862
10,154,66.695,5790.695,2862
10,155,71.605,5795.605,2862
10,156,95.798,5819.798,2862
10,157,99.793,5823.793,2862
10,158,97.758,5821.758,2862
10,159,122.827,5846.827,2862
10,160,90.522,5814.522,2862
10,161,88.823,5812.823,2862
10,162,65.881,5789.881,2862
10,163,78.207,5802.207,2862
10,164,92.053,5816.053,2862
10,165,104.457,5828.457,2862
10,166,112.550,5836.550,2862
10,167,130.737,5854.737,2862
10,168,85.766,5809.766,2862
10,169,63.206,5787.206,2862
10,170,66.104,5790.104,2862
10,171,68.256,5792.256,2862
10,172,60.923,5784.923,2862
10,173,61.371,5785.371,2862
10,174,63.659,5787.659,2862
10,175,73.894,5797.894,2862
10,176,80.215,5804.215,2862
10,177,104.635,5828.635,2862
10,178,106.039,5830.039,2862
10,179,77.659,5801.659,2862
10,180,82.557,5806.557,2862
10,181,77.873,5801.873,2862
10,182,57.228,5781.228,2862
10,183,73.789,5797.789,2862
10,184,61.359,5785.359,2862
10,185,49.716,5773.716,2862
10,186,67.527,5791.527,2862
10,187,76.866,5800.866,2862
10,188,70.728,5794.728,2862
10,189,75.200,5799.200,2862
10,190,85.792,5809.792,2862
10,191,94.118,5818.118,2862
10,192,103.370,5827.370,2862
10,193,92.403,5816.403,2862
10,194,107.178,5831.178,2862
10,195,94.047,5818.047,2862
10,196,94.421,5818.421,2862
10,197,134.111,5858.111,2862
10,198,127.795,5851.795,2862
10,199,91.060,5815.060,2862
10,200,56.349,5780.349,2862
10,201,60.710,5784.710,2862
10,202,70.948,5794.948,2862
10,203,78.010,5802.010,2862
10,204,82.422,5806.422,2862
10,205,88.075,5812.075,2862
10,206,87.942,5811.942,2862
10,207,91.352,5815.352,2862
10,208,98.371,5822.371,2862
10,209,97.500,5821.500,2862
10,210,121.016,5845.016,2862
10,211,133.623,5857.623,2862
10,212,111.831,5835.831,2862
10,213,90.993,5814.993,2862
10,214,99.455,5823.455,2862
10,215,103.466,5827.466,2862
10,216,112.060,5836.060,2862
10,217,93.957,5817.957,2862
10,218,95.081,5819.081,2862
10,219,94.900,5818.900,2862
10,220,95.857,5819.857,2862
10,221,100.919,5824.919,2862
10,222,158.392,5882.392,2862
10,223,136.103,5860.103,2862
10,224,128.920,5852.920,2862
10,225,89.335,5813.335,2862
10,226,96.911,5820.911,2862
10,227,86.124,5810.124,2862
10,228,68.197,5792.197,2862
10,229,74.969,5798.969,2862
10,230,88.721,5812.721,2862
10,231,63.976,5787.976,2862
10,232,54.814,5778.814,2862
10,233,49.537,5773.537,2862
10,234,56.222,5780.222,2862
10,235,57.650,5781.650,2862
10,236,71.939,5795.939,2862
10,237,108.569,5832.569,2862
10,238,64.540,5788.540,2862
10,239,75.205,5799.205,2862
10,240,79.635,5803.635,2862
10,241,71.299,5795.299,2862
10,242,75.567,5799.567,2862
10,243,76.442,5800.442,2862
10,244,74.630,5798.630,2862
10,245,60.510,5784.510,2862
10,246,59.323,5783.323,2862
10,247,52.612,5776.612,2862
10,248,53.140,5777.140,2862
10,249,52.975,5776.975,2862
10,250,59.862,5783.862,2862
10,251,70.407,5794.407,2862
10,252,81.654,5805.654,2862
10,253,86.690,5810.690,2862
10,254,97.500,5821.500,2862
10,255,88.773,5812.773,2862
10,256,63.558,5787.558,2862
10,257,65.499,5789.499,2862
10,258,81.197,5805.197,2862
10,259,109.153,5833.153,2862
10,260,127.151,5851.151,2862
10,261,87.780,5811.780,2862
10,262,75.305,5799.305,2862
10,263,61.343,5785.343,2862
10,264,59.262,5783.262,2862
10,265,74.422,5798.422,2862
10,266,107.772,5831.772,2862
10,267,113.453,5837.453,2862
10,268,139.553,5863.553,2862
10,269,125.821,5849.821,2862
10,270,106.098,5830.098,2862
10,271,102.643,5826.643,2862
10,272,104.855,5828.855,2862
10,273,71.313,5795.313,2862
10,274,75.987,5799.987,2862
10,275,86.702,5810.702,2862
10,276,73.395,5797.395,2862
10,277,69.375,5793.375,2862
10,278,72.345,5796.345,2862
10,279,72.770,5796.770,2862
10,280,131.238,5855.238,2862
10,281,103.403,5827.403,2862
10,282,74.781,5798.781,2862
10,283,123.973,5847.973,2862
10,284,66.723,5790.723,2862
10,285,70.106,5794.106,2862
10,286,83.496,5807.496,2862
10,287,86.828,5810.828,2862
10,288,68.688,5792.688,2862
10,289,90.613,5814.613,2862
10,290,108.905,5832.905,2862
10,291,103.372,5827.372,2862
10,292,92.659,5816.659,2862
10,293,97.372,5821.372,2862
10,294,97.949,5821.949,2862
10,295,87.254,5811.254,2862
10,296,141.095,5865.095,2862
10,297,132.773,5856.773,2862
10,298,91.925,5815.925,2862
10,299,88.911,5812.911,2862
10,300,89.546,5813.546,2862
10,301,74.171,5798.171,2862
10,302,55.974,5779.974,2862
10,303,55.951,5779.951,2862
10,304,60.395,5784.395,2862
10,305,66.560,5790.560,2862
10,306,61.632,5785.632,2862
10,307,49.754,5773.754,2862
10,308,53.645,5777.645,2862
10,309,54.740,5778.740,2862
10,310,60.669,5784.669,2862
10,311,71.230,5795.230,2862
10,312,71.667,5795.667,2862
10,313,86.293,5810.293,2862
10,314,109.861,5833.861,2862
10,315,82.540,5806.540,2862
10,316,78.800,5802.800,2862
10,317,58.726,5782.726,2862
10,318,99.307,5823.307,2862
10,319,121.024,5845.024,2862
10,320,117.302,5841.302,2862
10,321,84.956,5808.956,2862
10,322,96.573,5820.573,2862
10,323,107.782,5831.782,2862
10,324,147.401,5871.401,2862
10,325,112.138,5836.138,2862
10,326,97.124,5821.124,2862
10,327,56.929,5780.929,2862
10,328,55.064,5779.064,2862
10,329,55.559,5779.559,2862
10,330,57.315,5781.315,2862
10,331,77.347,5801.347,2862
10,332,87.030,5811.030,2862
10,333,89.759,5813.759,2862
10,334,86.521,5810.521,2862
10,335,103.290,5827.290,2862
10,336,108.961,5832.961,2862
10,337,58.575,5782.575,2862
10,338,56.087,5780.087,2862
10,339,59.583,5783.583,2862
10,340,74.297,5798.297,2862
10,341,125.354,5849.354,2862
10,342,112.726,5836.726,2862
10,343,55.805,5779.805,2862
10,344,79.046,5803.046,2862
10,345,84.425,5808.425,2862
10,346,55.176,5779.176,2862
10,347,69.094,5793.094,2862
10,348,74.106,5798.106,2862
10,349,82.779,5806.779,2862
10,350,84.772,5808.772,2862
10,351,57.756,5781.756,2862
10,352,50.195,5774.195,2862
10,353,50.081,5774.081,2862
10,354,65.853,5789.853,2862
10,355,77.910,5801.910,2862
10,356,81.594,5805.594,2862
10,357,76.232,5800.232,2862
10,358,80.949,5804.949,2862
10,359,89.580,5813.580,2862
10,360,95.755,5819.755,2862
10,361,91.568,5815.568,2862
10,362,112.311,5836.311,2862
10,363,132.997,5856.997,2862
10,364,80.233,5804.233,2862
10,365,82.550,5806.550,2862
10,366,101.902,5825.902,2862
10,367,59.806,5783.806,2862
10,368,65.162,5789.162,2862
10,369,67.802,5791.802,2862
10,370,70.823,5794.823,2862
10,371,85.548,5809.548,2862
10,372,146.898,5870.898,2862
10,373,94.039,5818.039,2862
10,374,89.801,5813.801,2862
10,375,73.394,5797.394,2862
10,376,50.871,5774.871,2862
10,377,49.375,5773.375,2862
10,378,56.925,5780.925,2862
10,379,66.897,5790.897,2862
10,380,71.093,5795.093,2862
10,381,110.758,5834.758,2862
10,382,86.187,5810.187,2862
10,383,86.851,5810.851,2862
10,384,101.217,5825.217,2862
10,385,111.521,5835.521,2862
10,386,107.180,5831.180,2862
10,387,64.301,5788.301,2862
10,388,63.123,5787.123,2862
10,389,64.461,5788.461,2862
10,390,76.333,5800.333,2862
10,391,58.146,5782.146,2862
10,392,92.016,5816.016,2862
10,393,61.088,5785.088,2862
10,394,62.695,5786.695,2862
10,395,53.140,5777.140,2862
10,396,92.295,5816.295,2862
10,397,81.025,5805.025,2862
10,398,82.235,5806.235,2862
10,399,81.219,5805.219,2862
10,400,81.182,5805.182,2862
10,401,82.509,5806.509,2862
10,402,60.687,5784.687,2862
10,403,50.874,5774.874,2862
10,404,50.611,5774.611,2862
10,405,53.007,5777.007,2862
10,406,53.623,5777.623,2862
10,407,66.092,5790.092,2862
10,408,94.308,5818.308,2862
10,409,132.114,5856.114,2862
10,410,106.023,5830.023,2862
10,411,93.299,5817.299,2862
10,412,90.615,5814.615,2862
10,413,70.713,5794.713,2862
10,414,60.788,5784.788,2862
10,415,68.569,5792.569,2862
10,416,73.786,5797.786,2862
10,417,87.656,5811.656,2862
10,418,62.441,5786.441,2862
10,419,74.536,5798.536,2862
10,420,83.970,5807.970,2862
10,421,89.712,5813.712,2862
10,422,94.490,5818.490,2862
10,423,90.890,5814.890,2862
10,424,58.009,5782.009,2862
10,425,59.375,5783.375,2862
10,426,65.410,5789.410,2862
10,427,72.710,5796.710,2862
10,428,74.229,5798.229,2862
10,429,55.198,5779.198,2862
10,430,50.523,5774.523,2862
10,431,48.573,5772.573,2862
10,432,49.759,5773.759,2862
10,433,51.652,5775.652,2862
10,434,54.040,5778.040,2862
10,435,55.682,5779.682,2862
10,436,63.149,5787.149,2862
10,437,49.964,5773.964,2862
10,438,65.124,5789.124,2862
10,439,127.662,5851.662,2862
10,440,75.210,5799.210,2862
10,441,76.047,5800.047,2862
10,442,99.663,5823.663,2862
10,443,140.206,5864.206,2862
10,444,100.069,5824.069,2862
10,445,97.624,5821.624,2862
10,446,99.566,5823.566,2862
10,447,128.861,5852.861,2862
10,448,95.302,5819.302,2862
10,449,125.053,5849.053,2862
10,450,101.773,5825.773,2862
10,451,55.322,5779.322,2862
10,452,50.558,5774.558,2862
10,453,60.670,5784.670,2862
10,454,59.709,5783.709,2862
10,455,58.927,5782.927,2862
10,456,49.838,5773.838,2862
10,457,52.542,5776.542,2862
10,458,82.964,5806.964,2862
10,459,64.686,5788.686,2862
10,460,63.266,5787.266,2862
10,461,105.818,5829.818,2862
10,462,135.231,5859.231,2862
10,463,124.513,5848.513,2862
10,464,119.108,5843.108,2862
10,465,134.926,5858.926,2862
10,466,134.038,5858.038,2862
10,467,123.692,5847.692,2862
10,468,122.704,5846.704,2862
10,469,63.356,5787.356,2862
10,470,68.431,5792.431,2862
10,471,71.665,5795.665,2862
10,472,74.810,5798.810,2862
10,473,79.736,5803.736,2862
10,474,124.916,5848.916,2862
10,475,155.755,5879.755,2862
10,476,85.158,5809.158,2862
10,477,50.469,5774.469,2862
10,478,51.050,5775.050,2862
10,479,54.292,5778.292,2862
10,480,53.879,5777.879,2862
10,481,51.427,5775.427,2862
10,482,51.578,5775.578,2862
10,483,49.471,5773.471,2862
10,484,51.244,5775.244,2862
10,485,51.593,5775.593,2862
10,486,64.075,5788.075,2862
10,487,101.974,5825.974,2862
10,488,88.302,5812.302,2862
10,489,86.915,5810.915,2862
10,490,86.578,5810.578,2862
10,491,88.512,5812.512,2862
10,492,90.783,5814.783,2862
10,493,52.084,5776.084,2862
10,494,49.019,5773.019,2862
10,495,60.038,5784.038,2862
10,496,64.210,5788.210,2862
10,497,67.123,5791.123,2862
10,498,80.344,5804.344,2862
10,499,92.164,5816.164,2862
10,500,96.771,5820.771,2862
50,1,58.076,5782.076,2862
50,2,58.055,5782.055,2862
50,3,62.141,5786.141,2862
50,4,62.110,5786.110,2862
50,5,78.899,5802.899,2862
50,6,96.964,5820.964,2862
50,7,106.609,5830.609,2862
50,8,106.111,5830.111,2862
50,9,84.375,5808.375,2862
50,10,106.559,5830.559,2862
50,11,69.163,5793.163,2862
50,12,88.129,5812.129,2862
50,13,104.609,5828.609,2862
50,14,58.288,5782.288,2862
50,15,62.968,5786.968,2862
50,16,74.082,5798.082,2862
50,17,98.830,5822.830,2862
50,18,57.608,5781.608,2862
50,19,58.651,5782.651,2862
50,20,61.446,5785.446,2862
50,21,91.330,5815.330,2862
50,22,61.568,5785.568,2862
50,23,71.625,5795.625,2862
50,24,87.327,5811.327,2862
50,25,86.337,5810.337,2862
50,26,115.567,5839.567,2862
50,27,88.014,5812.014,2862
50,28,51.498,5775.498,2862
50,29,62.098,5786.098,2862
50,30,76.213,5800.213,2862
50,31,93.208,5817.208,2862
50,32,128.300,5852.300,2862
50,33,60.556,5784.556,2862
50,34,61.943,5785.943,2862
50,35,61.066,5785.066,2862
50,36,70.432,5794.432,2862
50,37,78.665,5802.665,2862
50,38,82.263,5806.263,2862
50,39,86.075,5810.075,2862
50,40,92.123,5816.123,2862
50,41,129.730,5853.730,2862
50,42,109.775,5833.775,2862
50,43,58.281,5782.281,2862
50,44,64.775,5788.775,2862
50,45,67.856,5791.856,2862
50,46,68.918,5792.918,2862
50,47,102.607,5826.607,2862
50,48,118.372,5842.372,2862
50,49,103.335,5827.335,2862
50,50,109.266,5833.266,2862
50,51,122.816,5846.816,2862
50,52,116.924,5840.924,2862
50,53,118.813,5842.813,2862
50,54,81.738,5805.738,2862
50,55,88.367,5812.367,2862
50,56,87.083,5811.083,2862
50,57,87.320,5811.320,2862
50,58,79.101,5803.101,2862
50,59,88.251,5812.251,2862
50,60,118.661,5842.661,2862
50,61,81.339,5805.339,2862
50,62,81.635,5805.635,2862
50,63,85.287,5809.287,2862
50,64,92.864,5816.864,2862
50,65,92.230,5816.230,2862
50,66,95.853,5819.853,2862
50,67,112.095,5836.095,2862
50,68,83.795,5807.795,2862
50,69,89.566,5813.566,2862
50,70,129.313,5853.313,2862
50,71,115.917,5839.917,2862
50,72,112.661,5836.661,2862
50,73,83.952,5807.952,2862
50,74,75.280,5799.280,2862
50,75,72.150,5796.150,2862
50,76,54.617,5778.617,2862
50,77,57.342,5781.342,2862
50,78,82.996,5806.996,2862
50,79,88.633,5812.633,2862
50,80,79.298,5803.298,2862
50,81,87.428,5811.428,2862
50,82,83.967,5807.967,2862
50,83,85.644,5809.644,2862
50,84,85.111,5809.111,2862
50,85,84.091,5808.091,2862
50,86,84.797,5808.797,2862
50,87,87.172,5811.172,2862
50,88,70.343,5794.343,2862
50,89,91.134,5815.134,2862
50,90,99.281,5823.281,2862
50,91,77.867,5801.867,2862
50,92,74.568,5798.568,2862
50,93,72.112,5796.112,2862
50,94,69.573,5793.573,2862
50,95,91.609,5815.609,2862
50,96,98.996,5822.996,2862
50,97,98.109,5822.109,2862
50,98,99.747,5823.747,2862
50,99,65.952,5789.952,2862
50,100,52.110,5776.110,2862
50,101,49.322,5773.322,2862
50,102,50.404,5774.404,2862
50,103,48.935,5772.935,2862
50,104,64.251,5788.251,2862
50,105,85.988,5809.988,2862
50,106,124.689,5848.689,2862
50,107,118.086,5842.086,2862
50,108,71.030,5795.030,2862
50,109,92.655,5816.655,2862
50,110,95.048,5819.048,2862
50,111,106.283,5830.283,2862
50,112,99.875,5823.875,2862
50,113,102.149,5826.149,2862
50,114,123.970,5847.970,2862
50,115,96.905,5820.905,2862
50,116,104.086,5828.086,2862
50,117,104.296,5828.296,2862
50,118,103.664,5827.664,2862
50,119,97.299,5821.299,2862
50,120,101.426,5825.426,2862
50,121,136.756,5860.756,2862
50,122,54.572,5778.572,2862
50,123,49.489,5773.489,2862
50,124,61.409,5785.409,2862
50,125,121.623,5845.623,2862
50,126,132.671,5856.671,2862
50,127,118.179,5842.179,2862
50,128,128.883,5852.883,2862
50,129,132.328,5856.328,2862
50,130,154.525,5878.525,2862
50,131,90.280,5814.280,2862
50,132,103.161,5827.161,2862
50,133,124.889,5848.889,2862
50,134,65.817,5789.817,2862
50,135,65.940,5789.940,2862
50,136,69.558,5793.558,2862
50,137,75.816,5799.816,2862
50,138,85.999,5809.999,2862
50,139,93.055,5817.055,2862
50,140,82.255,5806.255,2862
50,141,80.519,5804.519,2862
50,142,100.865,5824.865,2862
50,143,58.099,5782.099,2862
50,144,52.068,5776.068,2862
50,145,62.277,5786.277,2862
50,146,64.469,5788.469,2862
50,147,66.627,5790.627,2862
50,148,72.767,5796.767,2862
50,149,65.034,5789.034,2862
50,150,51.602,5775.602,2862
50,151,50.743,5774.743,2862
50,152,52.211,5776.211,2862
50,153,58.319,5782.319,2862
50,154,84.499,5808.499,2862
50,155,89.430,5813.430,2862
50,156,53.463,5777.463,2862
50,157,51.397,5775.397,2862
50,158,60.426,5784.426,2862
50,159,73.966,5797.966,2862
50,160,93.410,5817.410,2862
50,161,100.575,5824.575,2862
50,162,80.580,5804.580,2862
50,163,64.982,5788.982,2862
50,164,63.811,5787.811,2862
50,165,64.023,5788.023,2862
50,166,70.648,5794.648,2862
50,167,78.666,5802.666,2862
50,168,79.369,5803.369,2862
50,169,81.570,5805.570,2862
50,170,89.385,5813.385,2862
50,171,81.613,5805.613,2862
50,172,58.955,5782.955,2862
50,173,51.528,5775.528,2862
50,174,48.938,5772.938,2862
50,175,49.010,5773.010,2862
50,176,48.825,5772.825,2862
50,177,65.684,5789.684,2862
50,178,94.721,5818.721,2862
50,179,104.718,5828.718,2862
50,180,141.695,5865.695,2862
50,181,137.743,5861.743,2862
50,182,80.371,5804.371,2862
50,183,89.455,5813.455,2862
50,184,99.321,5823.321,2862
50,185,98.822,5822.822,2862
50,186,121.597,5845.597,2862
50,187,95.731,5819.731,2862
50,188,95.965,5819.965,2862
50,189,128.364,5852.364,2862
50,190,87.904,5811.904,2862
50,191,91.503,5815.503,2862
50,192,69.124,5793.124,2862
50,193,61.546,5785.546,2862
50,194,67.619,5791.619,2862
50,195,97.936,5821.936,2862
50,196,51.801,5775.801,2862
50,197,52.002,5776.002,2862
50,198,51.885,5775.885,2862
50,199,58.526,5782.526,2862
50,200,102.181,5826.181,2862
50,201,109.281,5833.281,2862
50,202,143.924,5867.924,2862
50,203,92.045,5816.045,2862
50,204,105.405,5829.405,2862
50,205,121.275,5845.275,2862
50,206,121.089,5845.089,2862
50,207,97.351,5821.351,2862
50,208,98.413,5822.413,2862
50,209,105.980,5829.980,2862
50,210,112.844,5836.844,2862
50,211,118.569,5842.569,2862
50,212,78.362,5802.362,2862
50,213,85.299,5809.299,2862
50,214,86.747,5810.747,2862
50,215,88.785,5812.785,2862
50,216,93.627,5817.627,2862
50,217,99.608,5823.608,2862
50,218,53.499,5777.499,2862
50,219,50.067,5774.067,2862
50,220,50.920,5774.920,2862
50,221,63.520,5787.520,2862
50,222,70.995,5794.995,2862
50,223,71.754,5795.754,2862
50,224,100.193,5824.193,2862
50,225,94.942,5818.942,2862
50,226,100.251,5824.251,2862
50,227,107.642,5831.642,2862
50,228,96.546,5820.546,2862
50,229,108.475,5832.475,2862
50,230,51.685,5775.685,2862
50,231,54.502,5778.502,2862
50,232,50.469,5774.469,2862
50,233,59.262,5783.262,2862
50,234,50.395,5774.395,2862
50,235,50.690,5774.690,2862
50,236,50.596,5774.596,2862
50,237,67.076,5791.076,2862
50,238,86.787,5810.787,2862
50,239,87.541,5811.541,2862
50,240,116.672,5840.672,2862
50,241,76.438,5800.438,2862
50,242,75.541,5799.541,2862
50,243,91.047,5815.047,2862
50,244,119.315,5843.315,2862
50,245,52.075,5776.075,2862
50,246,51.241,5775.241,2862
50,247,52.851,5776.851,2862
50,248,53.043,5777.043,2862
50,249,49.100,5773.100,2862
50,250,62.381,5786.381,2862
50,251,64.968,5788.968,2862
50,252,70.447,5794.447,2862
50,253,77.848,5801.848,2862
50,254,101.725,5825.725,2862
50,255,94.724,5818.724,2862
50,256,59.470,5783.470,2862
50,257,57.082,5781.082,2862
50,258,56.699,5780.699,2862
50,259,57.541,5781.541,2862
50,260,59.021,5783.021,2862
50,261,63.841,5787.841,2862
50,262,110.923,5834.923,2862
50,263,85.460,5809.460,2862
50,264,90.317,5814.317,2862
50,265,82.476,5806.476,2862
50,266,62.627,5786.627,2862
50,267,82.961,5806.961,2862
50,268,97.044,5821.044,2862
50,269,78.075,5802.075,2862
50,270,77.741,5801.741,2862
50,271,76.777,5800.777,2862
50,272,68.980,5792.980,2862
50,273,52.062,5776.062,2862
50,274,52.163,5776.163,2862
50,275,58.903,5782.903,2862
50,276,63.043,5787.043,2862
50,277,53.335,5777.335,2862
50,278,58.928,5782.928,2862
50,279,63.109,5787.109,2862
50,280,67.345,5791.345,2862
50,281,66.534,5790.534,2862
50,282,66.293,5790.293,2862
50,283,69.331,5793.331,2862
50,284,73.679,5797.679,2862
50,285,94.727,5818.727,2862
50,286,97.615,5821.615,2862
50,287,137.645,5861.645,2862
50,288,74.384,5798.384,2862
50,289,66.171,5790.171,2862
50,290,74.790,5798.790,2862
50,291,106.010,5830.010,2862
50,292,66.123,5790.123,2862
50,293,88.086,5812.086,2862
50,294,104.211,5828.211,2862
50,295,114.836,5838.836,2862
50,296,89.578,5813.578,2862
50,297,103.272,5827.272,2862
50,298,57.983,5781.983,2862
50,299,59.700,5783.700,2862
50,300,52.702,5776.702,2862
50,301,50.652,5774.652,2862
50,302,49.020,5773.020,2862
50,303,64.915,5788.915,2862
50,304,78.666,5802.666,2862
50,305,77.263,5801.263,2862
50,306,80.778,5804.778,2862
50,307,77.725,5801.725,2862
50,308,81.777,5805.777,2862
50,309,101.656,5825.656,2862
50,310,135.765,5859.765,2862
50,311,108.050,5832.050,2862
50,312,110.078,5834.078,2862
50,313,106.888,5830.888,2862
50,314,88.689,5812.689,2862
50,315,68.399,5792.399,2862
50,316,104.839,5828.839,2862
50,317,127.491,5851.491,2862
50,318,126.863,5850.863,2862
50,319,104.944,5828.944,2862
50,320,104.070,5828.070,2862
50,321,102.194,5826.194,2862
50,322,80.281,5804.281,2862
50,323,50.112,5774.112,2862
50,324,50.190,5774.190,2862
50,325,58.961,5782.961,2862
50,326,65.454,5789.454,2862
50,327,65.456,5789.456,2862
50,328,65.643,5789.643,2862
50,329,94.038,5818.038,2862
50,330,113.826,5837.826,2862
50,331,113.348,5837.348,2862
50,332,139.396,5863.396,2862
50,333,136.597,5860.597,2862
50,334,111.758,5835.758,2862
50,335,128.998,5852.998,2862
50,336,89.042,5813.042,2862
50,337,131.657,5855.657,2862
50,338,130.339,5854.339,2862
50,339,89.011,5813.011,2862
50,340,78.061,5802.061,2862
50,341,78.126,5802.126,2862
50,342,81.903,5805.903,2862
50,343,87.316,5811.316,2862
50,344,86.691,5810.691,2862
50,345,49.263,5773.263,2862
50,346,51.055,5775.055,2862
50,347,53.458,5777.458,2862
50,348,55.596,5779.596,2862
50,349,70.573,5794.573,2862
50,350,77.691,5801.691,2862
50,351,79.888,5803.888,2862
50,352,81.655,5805.655,2862
50,353,86.925,5810.925,2862
50,354,87.338,5811.338,2862
50,355,88.278,5812.278,2862
50,356,86.224,5810.224,2862
50,357,136.761,5860.761,2862
50,358,113.734,5837.734,2862
50,359,67.134,5791.134,2862
50,360,66.513,5790.513,2862
50,361,77.822,5801.822,2862
50,362,69.514,5793.514,2862
50,363,71.593,5795.593,2862
50,364,73.270,5797.270,2862
50,365,59.251,5783.251,2862
50,366,60.306,5784.306,2862
50,367,69.381,5793.381,2862
50,368,121.759,5845.759,2862
50,369,111.765,5835.765,2862
50,370,68.147,5792.147,2862
50,371,50.893,5774.893,2862
50,372,50.449,5774.449,2862
50,373,47.482,5771.482,2862
50,374,48.688,5772.688,2862
50,375,49.786,5773.786,2862
50,376,49.020,5773.020,2862
50,377,58.708,5782.708,2862
50,378,65.954,5789.954,2862
50,379,76.915,5800.915,2862
50,380,120.137,5844.137,2862
50,381,68.161,5792.161,2862
50,382,72.732,5796.732,2862
50,383,73.503,5797.503,2862
50,384,73.190,5797.190,2862
50,385,93.735,5817.735,2862
50,386,99.905,5823.905,2862
50,387,73.960,5797.960,2862
50,388,83.265,5807.265,2862
50,389,89.738,5813.738,2862
50,390,96.309,5820.309,2862
50,391,70.237,5794.237,2862
50,392,63.960,5787.960,2862
50,393,52.748,5776.748,2862
50,394,56.885,5780.885,2862
50,395,59.988,5783.988,2862
50,396,105.689,5829.689,2862
50,397,143.622,5867.622,2862
50,398,69.498,5793.498,2862
50,399,51.362,5775.362,2862
50,400,49.411,5773.411,2862
50,401,48.270,5772.270,2862
50,402,56.658,5780.658,2862
50,403,65.765,5789.765,2862
50,404,73.997,5797.997,2862
50,405,79.498,5803.498,2862
50,406,82.530,5806.530,2862
50,407,49.717,5773.717,2862
50,408,59.553,5783.553,2862
50,409,65.496,5789.496,2862
50,410,89.149,5813.149,2862
50,411,128.655,5852.655,2862
50,412,128.436,5852.436,2862
50,413,94.741,5818.741,2862
50,414,103.035,5827.035,2862
50,415,102.872,5826.872,2862
50,416,103.774,5827.774,2862
50,417,115.092,5839.092,2862
50,418,152.652,5876.652,2862
50,419,81.252,5805.252,2862
50,420,83.886,5807.886,2862
50,421,84.047,5808.047,2862
50,422,79.683,5803.683,2862
50,423,53.735,5777.735,2862
50,424,51.157,5775.157,2862
50,425,50.947,5774.947,2862
50,426,62.368,5786.368,2862
50,427,71.393,5795.393,2862
50,428,78.966,5802.966,2862
50,429,111.842,5835.842,2862
50,430,78.438,5802.438,2862
50,431,61.696,5785.696,2862
50,432,61.382,5785.382,2862
50,433,61.757,5785.757,2862
50,434,66.459,5790.459,2862
50,435,75.339,5799.339,2862
50,436,66.278,5790.278,2862
50,437,86.695,5810.695,2862
50,438,95.125,5819.125,2862
50,439,93.413,5817.413,2862
50,440,95.216,5819.216,2862
50,441,110.144,5834.144,2862
50,442,92.684,5816.684,2862
50,443,98.319,5822.319,2862
50,444,63.042,5787.042,2862
50,445,66.695,5790.695,2862
50,446,67.982,5791.982,2862
50,447,74.034,5798.034,2862
50,448,83.173,5807.173,2862
50,449,94.331,5818.331,2862
50,450,54.216,5778.216,2862
50,451,49.928,5773.928,2862
50,452,53.402,5777.402,2862
50,453,62.196,5786.196,2862
50,454,65.834,5789.834,2862
50,455,65.842,5789.842,2862
50,456,65.688,5789.688,2862
50,457,66.380,5790.380,2862
50,458,65.635,5789.635,2862
50,459,81.406,5805.406,2862
50,460,132.398,5856.398,2862
50,461,89.473,5813.473,2862
50,462,101.762,5825.762,2862
50,463,75.450,5799.450,2862
50,464,77.720,5801.720,2862
50,465,75.396,5799.396,2862
50,466,87.402,5811.402,2862
50,467,89.145,5813.145,2862
50,468,93.983,5817.983,2862
50,469,58.379,5782.379,2862
50,470,54.424,5778.424,2862
50,471,51.667,5775.667,2862
50,472,64.104,5788.104,2862
50,473,126.009,5850.009,2862
50,474,127.271,5851.271,2862
50,475,67.512,5791.512,2862
50,476,66.667,5790.667,2862
50,477,49.260,5773.260,2862
50,478,52.061,5776.061,2862
50,479,57.878,5781.878,2862
50,480,72.617,5796.617,2862
50,481,88.398,5812.398,2862
50,482,96.835,5820.835,2862
50,483,89.088,5813.088,2862
50,484,60.976,5784.976,2862
50,485,76.823,5800.823,2862
50,486,81.466,5805.466,2862
50,487,109.421,5833.421,2862
50,488,52.239,5776.239,2862
50,489,62.053,5786.053,2862
50,490,87.650,5811.650,2862
50,491,104.854,5828.854,2862
50,492,100.623,5824.623,2862
50,493,95.737,5819.737,2862
50,494,93.945,5817.945,2862
50,495,94.166,5818.166,2862
50,496,93.459,5817.459,2862
50,497,80.829,5804.829,2862
50,498,94.361,5818.361,2862
50,499,117.761,5841.761,2862
50,500,95.505,5819.505,2862
100,1,56.370,5780.370,2862
100,2,59.234,5783.234,2862
100,3,80.661,5804.661,2862
100,4,66.110,5790.110,2862
100,5,70.088,5794.088,2862
100,6,71.764,5795.764,2862
100,7,84.986,5808.986,2862
100,8,84.399,5808.399,2862
100,9,96.782,5820.782,2862
100,10,70.908,5794.908,2862
100,11,70.309,5794.309,2862
100,12,68.964,5792.964,2862
100,13,70.188,5794.188,2862
100,14,84.373,5808.373,2862
100,15,64.978,5788.978,2862
100,16,67.713,5791.713,2862
100,17,77.361,5801.361,2862
100,18,76.066,5800.066,2862
100,19,75.700,5799.700,2862
100,20,76.188,5800.188,2862
100,21,135.051,5859.051,2862
100,22,132.193,5856.193,2862
100,23,140.331,5864.331,2862
100,24,122.644,5846.644,2862
100,25,77.775,5801.775,2862
100,26,90.821,5814.821,2862
100,27,142.776,5866.776,2862
100,28,52.708,5776.708,2862
100,29,56.396,5780.396,2862
100,30,59.035,5783.035,2862
100,31,62.531,5786.531,2862
100,32,68.029,5792.029,2862
100,33,85.202,5809.202,2862
100,34,94.631,5818.631,2862
100,35,59.884,5783.884,2862
100,36,62.318,5786.318,2862
100,37,84.487,5808.487,2862
100,38,111.445,5835.445,2862
100,39,105.802,5829.802,2862
100,40,84.144,5808.144,2862
100,41,90.356,5814.356,2862
100,42,90.695,5814.695,2862
100,43,56.004,5780.004,2862
100,44,59.199,5783.199,2862
100,45,97.053,5821.053,2862
100,46,76.714,5800.714,2862
100,47,88.203,5812.203,2862
100,48,90.522,5814.522,2862
100,49,77.013,5801.013,2862
100,50,87.869,5811.869,2862
100,51,87.120,5811.120,2862
100,52,87.243,5811.243,2862
100,53,88.120,5812.120,2862
100,54,74.485,5798.485,2862
100,55,82.462,5806.462,2862
100,56,83.358,5807.358,2862
100,57,116.265,5840.265,2862
100,58,121.698,5845.698,2862
100,59,57.379,5781.379,2862
100,60,92.874,5816.874,2862
100,61,103.297,5827.297,2862
100,62,109.834,5833.834,2862
100,63,50.706,5774.706,2862
100,64,48.287,5772.287,2862
100,65,51.255,5775.255,2862
100,66,82.411,5806.411,2862
100,67,94.266,5818.266,2862
100,68,60.221,5784.221,2862
100,69,62.533,5786.533,2862
100,70,67.049,5791.049,2862
100,71,82.116,5806.116,2862
100,72,87.700,5811.700,2862
100,73,97.734,5821.734,2862
100,74,103.428,5827.428,2862
100,75,102.142,5826.142,2862
100,76,69.763,5793.763,2862
100,77,69.197,5793.197,2862
100,78,76.967,5800.967,2862
100,79,73.834,5797.834,2862
100,80,72.818,5796.818,2862
100,81,79.735,5803.735,2862
100,82,132.140,5856.140,2862
100,83,136.180,5860.180,2862
100,84,162.769,5886.769,2862
100,85,69.540,5793.540,2862
100,86,68.609,5792.609,2862
100,87,53.643,5777.643,2862
100,88,53.133,5777.133,2862
100,89,60.495,5784.495,2862
100,90,87.417,5811.417,2862
100,91,97.280,5821.280,2862
100,92,72.164,5796.164,2862
100,93,103.326,5827.326,2862
100,94,118.824,5842.824,2862
100,95,144.361,5868.361,2862
100,96,140.160,5864.160,2862
100,97,118.084,5842.084,2862
100,98,89.436,5813.436,2862
100,99,86.699,5810.699,2862
100,100,90.889,5814.889,2862
100,101,132.429,5856.429,2862
100,102,102.608,5826.608,2862
100,103,90.519,5814.519,2862
100,104,97.665,5821.665,2862
100,105,107.139,5831.139,2862
100,106,112.252,5836.252,2862
100,107,91.094,5815.094,2862
100,108,49.900,5773.900,2862
100,109,55.646,5779.646,2862
100,110,74.593,5798.593,2862
100,111,117.952,5841.952,2862
100,112,109.352,5833.352,2862
100,113,133.051,5857.051,2862
100,114,107.599,5831.599,2862
100,115,130.056,5854.056,2862
100,116,129.962,5853.962,2862
100,117,90.242,5814.242,2862
100,118,120.082,5844.082,2862
100,119,66.628,5790.628,2862
100,120,69.707,5793.707,2862
100,121,72.658,5796.658,2862
100,122,78.815,5802.815,2862
100,123,76.367,5800.367,2862
100,124,95.474,5819.474,2862
100,125,100.583,5824.583,2862
100,126,109.782,5833.782,2862
100,127,149.336,5873.336,2862
100,128,79.935,5803.935,2862
100,129,52.453,5776.453,2862
100,130,49.624,5773.624,2862
100,131,56.211,5780.211,2862
100,132,67.967,5791.967,2862
100,133,78.897,5802.897,2862
100,134,78.507,5802.507,2862
100,135,103.795,5827.795,2862
100,136,89.972,5813.972,2862
100,137,93.906,5817.906,2862
100,138,107.614,5831.614,2862
100,139,115.487,5839.487,2862
100,140,91.208,5815.208,2862
100,141,76.784,5800.784,2862
100,142,114.609,5838.609,2862
100,143,142.252,5866.252,2862
100,144,94.000,5818.000,2862
100,145,55.611,5779.611,2862
100,146,56.326,5780.326,2862
100,147,97.103,5821.103,2862
100,148,111.082,5835.082,2862
100,149,83.664,5807.664,2862
100,150,91.777,5815.777,2862
100,151,122.295,5846.295,2862
100,152,59.264,5783.264,2862
100,153,49.154,5773.154,2862
100,154,58.114,5782.114,2862
100,155,59.757,5783.757,2862
100,156,71.412,5795.412,2862
100,157,84.187,5808.187,2862
100,158,73.292,5797.292,2862
100,159,76.175,5800.175,2862
100,160,82.428,5806.428,2862
100,161,82.690,5806.690,2862
100,162,82.287,5806.287,2862
100,163,81.565,5805.565,2862
100,164,117.177,5841.177,2862
100,165,81.107,5805.107,2862
100,166,114.021,5838.021,2862
100,167,89.501,5813.501,2862
100,168,121.075,5845.075,2862
100,169,112.727,5836.727,2862
100,170,79.689,5803.689,2862
100,171,80.483,5804.483,2862
100,172,86.570,5810.570,2862
100,173,86.313,5810.313,2862
100,174,88.379,5812.379,2862
100,175,88.401,5812.401,2862
100,176,65.707,5789.707,2862
100,177,50.179,5774.179,2862
100,178,50.099,5774.099,2862
100,179,49.651,5773.651,2862
100,180,52.530,5776.530,2862
100,181,53.507,5777.507,2862
100,182,52.053,5776.053,2862
100,183,49.557,5773.557,2862
100,184,57.556,5781.556,2862
100,185,64.298,5788.298,2862
100,186,93.007,5817.007,2862
100,187,114.773,5838.773,2862
100,188,112.591,5836.591,2862
100,189,124.231,5848.231,2862
100,190,133.500,5857.500,2862
100,191,127.393,5851.393,2862
100,192,79.484,5803.484,2862
100,193,63.364,5787.364,2862
100,194,82.266,5806.266,2862
100,195,95.647,5819.647,2862
100,196,117.396,5841.396,2862
100,197,124.190,5848.190,2862
100,198,89.791,5813.791,2862
100,199,84.164,5808.164,2862
100,200,80.461,5804.461,2862
100,201,50.997,5774.997,2862
100,202,50.749,5774.749,2862
100,203,55.588,5779.588,2862
100,204,59.525,5783.525,2862
100,205,72.720,5796.720,2862
100,206,94.291,5818.291,2862
100,207,75.634,5799.634,2862
100,208,49.074,5773.074,2862
100,209,49.292,5773.292,2862
100,210,72.725,5796.725,2862
100,211,85.229,5809.229,2862
100,212,74.564,5798.564,2862
100,213,66.816,5790.816,2862
100,214,68.347,5792.347,2862
100,215,99.979,5823.979,2862
100,216,88.711,5812.711,2862
100,217,93.570,5817.570,2862
100,218,94.073,5818.073,2862
100,219,81.000,5805.000,2862
100,220,83.855,5807.855,2862
100,221,98.965,5822.965,2862
100,222,91.855,5815.855,2862
100,223,96.822,5820.822,2862
100,224,58.704,5782.704,2862
100,225,61.140,5785.140,2862
100,226,62.988,5786.988,2862
100,227,62.558,5786.558,2862
100,228,51.385,5775.385,2862
100,229,50.300,5774.300,2862
100,230,48.966,5772.966,2862
100,231,58.598,5782.598,2862
100,232,88.800,5812.800,2862
100,233,98.843,5822.843,2862
100,234,101.243,5825.243,2862
100,235,99.917,5823.917,2862
100,236,85.230,5809.230,2862
100,237,88.640,5812.640,2862
100,238,93.757,5817.757,2862
100,239,100.865,5824.865,2862
100,240,107.693,5831.693,2862
100,241,98.284,5822.284,2862
100,242,119.061,5843.061,2862
100,243,158.269,5882.269,2862
100,244,121.495,5845.495,2862
100,245,94.291,5818.291,2862
100,246,123.633,5847.633,2862
100,247,121.421,5845.421,2862
100,248,86.971,5810.971,2862
100,249,61.044,5785.044,2862
100,250,51.934,5775.934,2862
100,251,57.131,5781.131,2862
100,252,84.018,5808.018,2862
100,253,109.603,5833.603,2862
100,254,114.110,5838.110,2862
100,255,130.066,5854.066,2862
100,256,85.411,5809.411,2862
100,257,90.111,5814.111,2862
100,258,91.455,5815.455,2862
100,259,132.760,5856.760,2862
100,260,90.661,5814.661,2862
100,261,87.618,5811.618,2862
100,262,67.966,5791.966,2862
100,263,73.080,5797.080,2862
100,264,78.257,5802.257,2862
100,265,82.483,5806.483,2862
100,266,83.166,5807.166,2862
100,267,59.722,5783.722,2862
100,268,59.999,5783.999,2862
100,269,85.272,5809.272,2862
100,270,104.033,5828.033,2862
100,271,97.683,5821.683,2862
100,272,114.960,5838.960,2862
100,273,52.406,5776.406,2862
100,274,51.126,5775.126,2862
100,275,52.188,5776.188,2862
100,276,54.853,5778.853,2862
100,277,84.605,5808.605,2862
100,278,102.604,5826.604,2862
100,279,63.016,5787.016,2862
100,280,71.799,5795.799,2862
100,281,84.188,5808.188,2862
100,282,88.433,5812.433,2862
100,283,125.528,5849.528,2862
100,284,61.992,5785.992,2862
100,285,66.739,5790.739,2862
100,286,87.549,5811.549,2862
100,287,55.495,5779.495,2862
100,288,64.933,5788.933,2862
100,289,63.575,5787.575,2862
100,290,48.766,5772.766,2862
100,291,60.929,5784.929,2862
100,292,77.495,5801.495,2862
100,293,90.820,5814.820,2862
100,294,98.360,5822.360,2862
100,295,126.122,5850.122,2862
100,296,109.419,5833.419,2862
100,297,90.286,5814.286,2862
100,298,76.411,5800.411,2862
100,299,62.630,5786.630,2862
100,300,49.644,5773.644,2862
100,301,53.654,5777.654,2862
100,302,88.876,5812.876,2862
100,303,105.313,5829.313,2862
100,304,54.879,5778.879,2862
100,305,59.536,5783.536,2862
100,306,77.321,5801.321,2862
100,307,75.041,5799.041,2862
100,308,83.063,5807.063,2862
100,309,73.007,5797.007,2862
100,310,72.328,5796.328,2862
100,311,80.157,5804.157,2862
100,312,49.473,5773.473,2862
100,313,69.337,5793.337,2862
100,314,116.699,5840.699,2862
100,315,89.463,5813.463,2862
100,316,78.546,5802.546,2862
100,317,122.355,5846.355,2862
100,318,160.203,5884.203,2862
100,319,109.139,5833.139,2862
100,320,72.588,5796.588,2862
100,321,71.710,5795.710,2862
100,322,88.379,5812.379,2862
100,323,111.719,5835.719,2862
100,324,49.738,5773.738,2862
100,325,50.618,5774.618,2862
100,326,50.864,5774.864,2862
100,327,62.864,5786.864,2862
100,328,70.456,5794.456,2862
100,329,66.028,5790.028,2862
100,330,68.639,5792.639,2862
100,331,69.986,5793.986,2862
100,332,68.622,5792.622,2862
100,333,66.467,5790.467,2862
100,334,73.043,5797.043,2862
100,335,75.862,5799.862,2862
100,336,89.776,5813.776,2862
100,337,104.995,5828.995,2862
100,338,134.926,5858.926,2862
100,339,124.441,5848.441,2862
100,340,63.236,5787.236,2862
100,341,65.131,5789.131,2862
100,342,91.117,5815.117,2862
100,343,65.010,5789.010,2862
100,344,96.438,5820.438,2862
100,345,102.639,5826.639,2862
100,346,94.749,5818.749,2862
100,347,100.792,5824.792,2862
100,348,72.019,5796.019,2862
100,349,63.871,5787.871,2862
100,350,49.791,5773.791,2862
100,351,53.572,5777.572,2862
100,352,59.906,5783.906,2862
100,353,59.624,5783.624,2862
100,354,60.359,5784.359,2862
100,355,62.856,5786.856,2862
100,356,64.868,5788.868,2862
100,357,105.068,5829.068,2862
100,358,75.672,5799.672,2862
100,359,69.256,5793.256,2862
100,360,63.215,5787.215,2862
100,361,67.132,5791.132,2862
100,362,79.070,5803.070,2862
100,363,84.798,5808.798,2862
100,364,76.923,5800.923,2862
100,365,84.128,5808.128,2862
100,366,104.512,5828.512,2862
100,367,64.272,5788.272,2862
100,368,67.925,5791.925,2862
100,369,71.487,5795.487,2862
100,370,74.242,5798.242,2862
100,371,58.591,5782.591,2862
100,372,64.855,5788.855,2862
100,373,66.059,5790.059,2862
100,374,75.312,5799.312,2862
100,375,98.780,5822.780,2862
100,376,113.659,5837.659,2862
100,377,66.449,5790.449,2862
100,378,50.066,5774.066,2862
100,379,49.176,5773.176,2862
100,380,61.630,5785.630,2862
100,381,80.162,5804.162,2862
100,382,65.641,5789.641,2862
100,383,75.422,5799.422,2862
100,384,113.488,5837.488,2862
100,385,127.105,5851.105,2862
100,386,106.415,5830.415,2862
100,387,115.749,5839.749,2862
100,388,63.121,5787.121,2862
100,389,80.613,5804.613,2862
100,390,84.021,5808.021,2862
100,391,96.706,5820.706,2862
100,392,66.695,5790.695,2862
100,393,67.637,5791.637,2862
100,394,68.016,5792.016,2862
100,395,67.621,5791.621,2862
100,396,90.920,5814.920,2862
100,397,72.926,5796.926,2862
100,398,92.669,5816.669,2862
100,399,83.412,5807.412,2862
100,400,84.557,5808.557,2862
100,401,102.360,5826.360,2862
100,402,85.329,5809.329,2862
100,403,49.934,5773.934,2862
100,404,50.180,5774.180,2862
100,405,48.629,5772.629,2862
100,406,50.380,5774.380,2862
100,407,55.417,5779.417,2862
100,408,58.692,5782.692,2862
100,409,75.104,5799.104,2862
100,410,68.483,5792.483,2862
100,411,66.926,5790.926,2862
100,412,66.329,5790.329,2862
100,413,63.264,5787.264,2862
100,414,70.661,5794.661,2862
100,415,71.658,5795.658,2862
100,416,70.577,5794.577,2862
100,417,75.436,5799.436,2862
100,418,87.959,5811.959,2862
100,419,98.526,5822.526,2862
100,420,134.608,5858.608,2862
100,421,74.529,5798.529,2862
100,422,76.141,5800.141,2862
100,423,82.549,5806.549,2862
100,424,52.087,5776.087,2862
100,425,49.296,5773.296,2862
100,426,52.411,5776.411,2862
100,427,53.000,5777.000,2862
100,428,66.198,5790.198,2862
100,429,80.260,5804.260,2862
100,430,60.581,5784.581,2862
100,431,62.886,5786.886,2862
100,432,61.822,5785.822,2862
100,433,49.086,5773.086,2862
100,434,50.893,5774.893,2862
100,435,66.583,5790.583,2862
100,436,121.683,5845.683,2862
100,437,92.391,5816.391,2862
100,438,102.801,5826.801,2862
100,439,97.082,5821.082,2862
100,440,99.988,5823.988,2862
100,441,67.132,5791.132,2862
100,442,67.505,5791.505,2862
100,443,108.462,5832.462,2862
100,444,63.903,5787.903,2862
100,445,64.444,5788.444,2862
100,446,76.504,5800.504,2862
100,447,87.765,5811.765,2862
100,448,53.143,5777.143,2862
100,449,53.229,5777.229,2862
100,450,55.300,5779.300,2862
100,451,67.877,5791.877,2862
100,452,87.141,5811.141,2862
100,453,93.667,5817.667,2862
100,454,100.063,5824.063,2862
100,455,100.532,5824.532,2862
100,456,97.720,5821.720,2862
100,457,96.264,5820.264,2862
100,458,50.029,5774.029,2862
100,459,48.507,5772.507,2862
100,460,49.508,5773.508,2862
100,461,50.731,5774.731,2862
100,462,66.096,5790.096,2862
100,463,69.322,5793.322,2862
100,464,71.439,5795.439,2862
100,465,82.515,5806.515,2862
100,466,94.722,5818.722,2862
100,467,99.956,5823.956,2862
100,468,70.346,5794.346,2862
100,469,76.095,5800.095,2862
100,470,89.292,5813.292,2862
100,471,104.111,5828.111,2862
100,472,111.283,5835.283,2862
100,473,115.314,5839.314,2862
100,474,105.241,5829.241,2862
100,475,96.288,5820.288,2862
100,476,94.648,5818.648,2862
100,477,94.132,5818.132,2862
100,478,92.220,5816.220,2862
100,479,71.758,5795.758,2862
100,480,84.409,5808.409,2862
100,481,126.966,5850.966,2862
100,482,49.800,5773.800,2862
100,483,50.714,5774.714,2862
100,484,51.166,5775.166,2862
100,485,52.531,5776.531,2862
100,486,76.059,5800.059,2862
100,487,89.305,5813.305,2862
100,488,104.985,5828.985,2862
100,489,124.309,5848.309,2862
100,490,130.444,5854.444,2862
100,491,92.133,5816.133,2862
100,492,67.004,5791.004,2862
100,493,66.428,5790.428,2862
100,494,72.825,5796.825,2862
100,495,52.317,5776.317,2862
100,496,54.747,5778.747,2862
100,497,60.081,5784.081,2862
100,498,98.707,5822.707,2862
100,499,142.869,5866.869,2862
100,500,82.809,5806.809,2862
250,1,58.401,5782.401,2862
250,2,53.284,5777.284,2862
250,3,56.613,5780.613,2862
250,4,61.759,5785.759,2862
250,5,62.521,5786.521,2862
250,6,60.529,5784.529,2862
250,7,61.449,5785.449,2862
250,8,64.000,5788.000,2862
250,9,87.346,5811.346,2862
250,10,100.762,5824.762,2862
250,11,128.103,5852.103,2862
250,12,106.038,5830.038,2862
250,13,70.306,5794.306,2862
250,14,68.477,5792.477,2862
250,15,89.937,5813.937,2862
250,16,90.114,5814.114,2862
250,17,90.028,5814.028,2862
250,18,93.468,5817.468,2862
250,19,129.005,5853.005,2862
250,20,78.910,5802.910,2862
250,21,77.599,5801.599,2862
250,22,113.802,5837.802,2862
250,23,84.764,5808.764,2862
250,24,102.159,5826.159,2862
250,25,56.941,5780.941,2862
250,26,51.866,5775.866,2862
250,27,50.604,5774.604,2862
250,28,58.770,5782.770,2862
250,29,72.434,5796.434,2862
250,30,77.671,5801.671,2862
250,31,75.736,5799.736,2862
250,32,47.959,5771.959,2862
250,33,51.685,5775.685,2862
250,34,53.763,5777.763,2862
250,35,56.331,5780.331,2862
250,36,56.947,5780.947,2862
250,37,116.058,5840.058,2862
250,38,134.837,5858.837,2862
250,39,109.389,5833.389,2862
250,40,49.190,5773.190,2862
250,41,55.697,5779.697,2862
250,42,80.849,5804.849,2862
250,43,69.355,5793.355,2862
250,44,56.008,5780.008,2862
250,45,53.704,5777.704,2862
250,46,53.772,5777.772,2862
250,47,91.380,5815.380,2862
250,48,80.350,5804.350,2862
250,49,63.185,5787.185,2862
250,50,63.701,5787.701,2862
250,51,62.635,5786.635,2862
250,52,63.440,5787.440,2862
250,53,64.801,5788.801,2862
250,54,112.520,5836.520,2862
250,55,55.225,5779.225,2862
250,56,48.851,5772.851,2862
250,57,52.942,5776.942,2862
250,58,55.928,5779.928,2862
250,59,68.216,5792.216,2862
250,60,78.328,5802.328,2862
250,61,78.874,5802.874,2862
250,62,94.559,5818.559,2862
250,63,98.924,5822.924,2862
250,64,62.847,5786.847,2862
250,65,64.399,5788.399,2862
250,66,68.583,5792.583,2862
250,67,75.357,5799.357,2862
250,68,83.347,5807.347,2862
250,69,86.297,5810.297,2862
250,70,84.422,5808.422,2862
250,71,85.347,5809.347,2862
250,72,84.941,5808.941,2862
250,73,90.953,5814.953,2862
250,74,79.048,5803.048,2862
250,75,94.140,5818.140,2862
250,76,92.160,5816.160,2862
250,77,61.747,5785.747,2862
250,78,66.175,5790.175,2862
250,79,91.123,5815.123,2862
250,80,100.592,5824.592,2862
250,81,60.144,5784.144,2862
250,82,51.145,5775.145,2862
250,83,50.087,5774.087,2862
250,84,56.204,5780.204,2862
250,85,65.170,5789.170,2862
250,86,70.350,5794.350,2862
250,87,71.090,5795.090,2862
250,88,81.106,5805.106,2862
250,89,72.281,5796.281,2862
250,90,73.725,5797.725,2862
250,91,101.490,5825.490,2862
250,92,94.856,5818.856,2862
250,93,108.163,5832.163,2862
250,94,102.638,5826.638,2862
250,95,115.870,5839.870,2862
250,96,130.130,5854.130,2862
250,97,81.257,5805.257,2862
250,98,80.108,5804.108,2862
250,99,86.811,5810.811,2862
250,100,115.583,5839.583,2862
250,101,136.679,5860.679,2862
250,102,131.335,5855.335,2862
250,103,120.727,5844.727,2862
250,104,64.324,5788.324,2862
250,105,49.933,5773.933,2862
250,106,50.361,5774.361,2862
250,107,53.259,5777.259,2862
250,108,88.365,5812.365,2862
250,109,131.430,5855.430,2862
250,110,96.010,5820.010,2862
250,111,88.164,5812.164,2862
250,112,113.547,5837.547,2862
250,113,72.527,5796.527,2862
250,114,77.646,5801.646,2862
250,115,70.459,5794.459,2862
250,116,54.850,5778.850,2862
250,117,58.576,5782.576,2862
250,118,49.687,5773.687,2862
250,119,51.052,5775.052,2862
250,120,52.066,5776.066,2862
250,121,54.808,5778.808,2862
250,122,53.455,5777.455,2862
250,123,49.503,5773.503,2862
250,124,50.854,5774.854,2862
250,125,56.491,5780.491,2862
250,126,63.928,5787.928,2862
250,127,49.476,5773.476,2862
250,128,53.558,5777.558,2862
250,129,51.468,5775.468,2862
250,130,49.859,5773.859,2862
250,131,53.138,5777.138,2862
250,132,80.845,5804.845,2862
250,133,95.290,5819.290,2862
250,134,90.900,5814.900,2862
250,135,50.965,5774.965,2862
250,136,55.308,5779.308,2862
250,137,88.738,5812.738,2862
250,138,99.283,5823.283,2862
250,139,103.304,5827.304,2862
250,140,105.505,5829.505,2862
250,141,104.781,5828.781,2862
250,142,101.678,5825.678,2862
250,143,111.482,5835.482,2862
250,144,102.377,5826.377,2862
250,145,113.319,5837.319,2862
250,146,63.506,5787.506,2862
250,147,65.847,5789.847,2862
250,148,70.993,5794.993,2862
250,149,91.135,5815.135,2862
250,150,113.941,5837.941,2862
250,151,120.143,5844.143,2862
250,152,94.260,5818.260,2862
250,153,100.252,5824.252,2862
250,154,106.927,5830.927,2862
250,155,106.105,5830.105,2862
250,156,66.316,5790.316,2862
250,157,50.246,5774.246,2862
250,158,49.176,5773.176,2862
250,159,50.187,5774.187,2862
250,160,66.960,5790.960,2862
250,161,77.161,5801.161,2862
250,162,61.283,5785.283,2862
250,163,50.159,5774.159,2862
250,164,54.227,5778.227,2862
250,165,59.142,5783.142,2862
250,166,60.276,5784.276,2862
250,167,59.092,5783.092,2862
250,168,71.789,5795.789,2862
250,169,125.078,5849.078,2862
250,170,56.762,5780.762,2862
250,171,55.685,5779.685,2862
250,172,61.643,5785.643,2862
250,173,67.946,5791.946,2862
250,174,77.852,5801.852,2862
250,175,82.558,5806.558,2862
250,176,73.981,5797.981,2862
250,177,78.095,5802.095,2862
250,178,81.930,5805.930,2862
250,179,90.410,5814.410,2862
250,180,97.709,5821.709,2862
250,181,133.234,5857.234,2862
250,182,109.361,5833.361,2862
250,183,105.689,5829.689,2862
250,184,55.154,5779.154,2862
250,185,50.940,5774.940,2862
250,186,54.870,5778.870,2862
250,187,73.029,5797.029,2862
250,188,77.549,5801.549,2862
250,189,61.687,5785.687,2862
250,190,61.434,5785.434,2862
250,191,91.200,5815.200,2862
250,192,95.990,5819.990,2862
250,193,111.720,5835.720,2862
250,194,147.105,5871.105,2862
250,195,89.558,5813.558,2862
250,196,95.072,5819.072,2862
250,197,103.348,5827.348,2862
250,198,126.098,5850.098,2862
250,199,108.745,5832.745,2862
250,200,106.296,5830.296,2862
250,201,84.598,5808.598,2862
250,202,97.294,5821.294,2862
250,203,109.314,5833.314,2862
250,204,75.126,5799.126,2862
250,205,78.714,5802.714,2862
250,206,81.930,5805.930,2862
250,207,52.374,5776.374,2862
250,208,53.456,5777.456,2862
250,209,53.035,5777.035,2862
250,210,52.016,5776.016,2862
250,211,56.850,5780.850,2862
250,212,71.184,5795.184,2862
250,213,63.658,5787.658,2862
250,214,67.332,5791.332,2862
250,215,75.764,5799.764,2862
250,216,75.428,5799.428,2862
250,217,67.611,5791.611,2862
250,218,74.145,5798.145,2862
250,219,110.210,5834.210,2862
250,220,81.308,5805.308,2862
250,221,80.750,5804.750,2862
250,222,81.228,5805.228,2862
250,223,79.728,5803.728,2862
250,224,64.470,5788.470,2862
250,225,71.778,5795.778,2862
250,226,78.269,5802.269,2862
250,227,84.389,5808.389,2862
250,228,82.613,5806.613,2862
250,229,83.343,5807.343,2862
250,230,103.159,5827.159,2862
250,231,101.247,5825.247,2862
250,232,70.623,5794.623,2862
250,233,101.180,5825.180,2862
250,234,69.808,5793.808,2862
250,235,50.252,5774.252,2862
250,236,57.838,5781.838,2862
250,237,76.918,5800.918,2862
250,238,87.052,5811.052,2862
250,239,93.267,5817.267,2862
250,240,133.266,5857.266,2862
250,241,155.657,5879.657,2862
250,242,125.780,5849.780,2862
250,243,103.095,5827.095,2862
250,244,106.310,5830.310,2862
250,245,97.366,5821.366,2862
250,246,74.998,5798.998,2862
250,247,102.054,5826.054,2862
250,248,106.852,5830.852,2862
250,249,95.655,5819.655,2862
250,250,131.429,5855.429,2862
250,251,130.320,5854.320,2862
250,252,134.172,5858.172,2862
250,253,53.565,5777.565,2862
250,254,62.298,5786.298,2862
250,255,54.363,5778.363,2862
250,256,49.601,5773.601,2862
250,257,49.552,5773.552,2862
250,258,50.115,5774.115,2862
250,259,50.361,5774.361,2862
250,260,57.806,5781.806,2862
250,261,68.477,5792.477,2862
250,262,77.666,5801.666,2862
250,263,88.940,5812.940,2862
250,264,95.129,5819.129,2862
250,265,84.433,5808.433,2862
250,266,84.427,5808.427,2862
250,267,84.725,5808.725,2862
250,268,69.506,5793.506,2862
250,269,102.202,5826.202,2862
250,270,89.554,5813.554,2862
250,271,89.190,5813.190,2862
250,272,114.504,5838.504,2862
250,273,51.736,5775.736,2862
250,274,52.069,5776.069,2862
250,275,52.894,5776.894,2862
250,276,55.330,5779.330,2862
250,277,121.216,5845.216,2862
250,278,109.245,5833.245,2862
250,279,109.710,5833.710,2862
250,280,132.322,5856.322,2862
250,281,53.319,5777.319,2862
250,282,50.455,5774.455,2862
250,283,48.677,5772.677,2862
250,284,51.588,5775.588,2862
250,285,59.565,5783.565,2862
250,286,61.394,5785.394,2862
250,287,70.875,5794.875,2862
250,288,94.927,5818.927,2862
250,289,112.350,5836.350,2862
250,290,121.652,5845.652,2862
250,291,55.700,5779.700,2862
250,292,60.447,5784.447,2862
250,293,64.146,5788.146,2862
250,294,71.078,5795.078,2862
250,295,70.614,5794.614,2862
250,296,73.039,5797.039,2862
250,297,66.132,5790.132,2862
250,298,58.013,5782.013,2862
250,299,72.260,5796.260,2862
250,300,87.691,5811.691,2862
250,301,102.924,5826.924,2862
250,302,71.118,5795.118,2862
250,303,81.614,5805.614,2862
250,304,80.468,5804.468,2862
250,305,81.556,5805.556,2862
250,306,85.022,5809.022,2862
250,307,92.374,5816.374,2862
250,308,68.449,5792.449,2862
250,309,54.813,5778.813,2862
250,310,49.439,5773.439,2862
250,311,53.554,5777.554,2862
250,312,63.694,5787.694,2862
250,313,86.640,5810.640,2862
250,314,95.829,5819.829,2862
250,315,72.983,5796.983,2862
250,316,73.544,5797.544,2862
250,317,73.965,5797.965,2862
250,318,90.945,5814.945,2862
250,319,63.716,5787.716,2862
250,320,69.239,5793.239,2862
250,321,64.793,5788.793,2862
250,322,67.624,5791.624,2862
250,323,79.759,5803.759,2862
250,324,94.605,5818.605,2862
250,325,111.811,5835.811,2862
250,326,137.123,5861.123,2862
250,327,120.117,5844.117,2862
250,328,97.856,5821.856,2862
250,329,97.677,5821.677,2862
250,330,103.553,5827.553,2862
250,331,147.035,5871.035,2862
250,332,97.361,5821.361,2862
250,333,51.523,5775.523,2862
250,334,62.907,5786.907,2862
250,335,79.225,5803.225,2862
250,336,87.766,5811.766,2862
250,337,91.082,5815.082,2862
250,338,98.747,5822.747,2862
250,339,87.892,5811.892,2862
250,340,92.693,5816.693,2862
250,341,94.254,5818.254,2862
250,342,95.730,5819.730,2862
250,343,144.144,5868.144,2862
250,344,147.631,5871.631,2862
250,345,107.022,5831.022,2862
250,346,78.856,5802.856,2862
250,347,83.265,5807.265,2862
250,348,92.855,5816.855,2862
250,349,78.024,5802.024,2862
250,350,78.595,5802.595,2862
250,351,78.924,5802.924,2862
250,352,87.948,5811.948,2862
250,353,98.120,5822.120,2862
250,354,84.643,5808.643,2862
250,355,59.773,5783.773,2862
250,356,49.432,5773.432,2862
250,357,54.536,5778.536,2862
250,358,68.616,5792.616,2862
250,359,81.668,5805.668,2862
250,360,100.051,5824.051,2862
250,361,89.030,5813.030,2862
250,362,56.986,5780.986,2862
250,363,56.468,5780.468,2862
250,364,52.667,5776.667,2862
250,365,58.535,5782.535,2862
250,366,65.711,5789.711,2862
250,367,65.140,5789.140,2862
250,368,75.012,5799.012,2862
250,369,76.653,5800.653,2862
250,370,121.333,5845.333,2862
250,371,141.182,5865.182,2862
250,372,76.610,5800.610,2862
250,373,96.911,5820.911,2862
250,374,93.877,5817.877,2862
250,375,138.424,5862.424,2862
250,376,119.245,5843.245,2862
250,377,112.094,5836.094,2862
250,378,63.930,5787.930,2862
250,379,64.861,5788.861,2862
250,380,53.022,5777.022,2862
250,381,50.203,5774.203,2862
250,382,50.617,5774.617,2862
250,383,65.990,5789.990,2862
250,384,69.690,5793.690,2862
250,385,85.836,5809.836,2862
250,386,99.323,5823.323,2862
250,387,63.760,5787.760,2862
250,388,51.695,5775.695,2862
250,389,51.329,5775.329,2862
250,390,63.701,5787.701,2862
250,391,76.360,5800.360,2862
250,392,86.983,5810.983,2862
250,393,86.354,5810.354,2862
250,394,88.780,5812.780,2862
250,395,89.307,5813.307,2862
250,396,87.633,5811.633,2862
250,397,109.317,5833.317,2862
250,398,146.581,5870.581,2862
250,399,137.699,5861.699,2862
250,400,120.932,5844.932,2862
250,401,91.899,5815.899,2862
250,402,99.097,5823.097,2862
250,403,128.227,5852.227,2862
250,404,57.911,5781.911,2862
250,405,49.911,5773.911,2862
250,406,56.692,5780.692,2862
250,407,60.987,5784.987,2862
250,408,59.359,5783.359,2862
250,409,60.048,5784.048,2862
250,410,60.369,5784.369,2862
250,411,81.291,5805.291,2862
250,412,65.238,5789.238,2862
250,413,94.757,5818.757,2862
250,414,110.228,5834.228,2862
250,415,81.273,5805.273,2862
250,416,97.671,5821.671,2862
250,417,49.874,5773.874,2862
250,418,57.915,5781.915,2862
250,419,72.208,5796.208,2862
250,420,99.291,5823.291,2862
250,421,139.978,5863.978,2862
250,422,126.626,5850.626,2862
250,423,104.092,5828.092,2862
250,424,99.730,5823.730,2862
250,425,79.620,5803.620,2862
250,426,82.459,5806.459,2862
250,427,133.015,5857.015,2862
250,428,98.686,5822.686,2862
250,429,51.160,5775.160,2862
250,430,51.072,5775.072,2862
250,431,52.358,5776.358,2862
250,432,63.005,5787.005,2862
250,433,71.864,5795.864,2862
250,434,78.162,5802.162,2862
250,435,81.185,5805.185,2862
250,436,78.200,5802.200,2862
250,437,109.487,5833.487,2862
250,438,80.005,5804.005,2862
250,439,116.798,5840.798,2862
250,440,49.181,5773.181,2862
250,441,49.113,5773.113,2862
250,442,48.542,5772.542,2862
250,443,49.218,5773.218,2862
250,444,64.052,5788.052,2862
250,445,68.801,5792.801,2862
250,446,56.536,5780.536,2862
250,447,91.436,5815.436,2862
250,448,119.857,5843.857,2862
250,449,99.667,5823.667,2862
250,450,96.651,5820.651,2862
250,451,98.401,5822.401,2862
250,452,97.670,5821.670,2862
250,453,97.647,5821.647,2862
250,454,73.120,5797.120,2862
250,455,61.942,5785.942,2862
250,456,49.671,5773.671,2862
250,457,53.422,5777.422,2862
250,458,61.745,5785.745,2862
250,459,64.659,5788.659,2862
250,460,72.621,5796.621,2862
250,461,79.848,5803.848,2862
250,462,77.987,5801.987,2862
250,463,76.196,5800.196,2862
250,464,90.620,5814.620,2862
250,465,112.888,5836.888,2862
250,466,136.365,5860.365,2862
250,467,79.291,5803.291,2862
250,468,78.414,5802.414,2862
250,469,78.399,5802.399,2862
250,470,81.149,5805.149,2862
250,471,109.147,5833.147,2862
250,472,118.052,5842.052,2862
250,473,94.603,5818.603,2862
250,474,93.942,5817.942,2862
250,475,85.821,5809.821,2862
250,476,90.639,5814.639,2862
250,477,98.183,5822.183,2862
250,478,94.921,5818.921,2862
250,479,51.289,5775.289,2862
250,480,51.981,5775.981,2862
250,481,54.060,5778.060,2862
250,482,58.219,5782.219,2862
250,483,62.927,5786.927,2862
250,484,70.680,5794.680,2862
250,485,69.884,5793.884,2862
250,486,76.207,5800.207,2862
250,487,93.970,5817.970,2862
250,488,75.510,5799.510,2862
250,489,81.843,5805.843,2862
250,490,85.832,5809.832,2862
250,491,85.992,5809.992,2862
250,492,48.566,5772.566,2862
250,493,48.802,5772.802,2862
250,494,48.439,5772.439,2862
250,495,52.605,5776.605,2862
250,496,68.366,5792.366,2862
250,497,60.984,5784.984,2862
250,498,85.839,5809.839,2862
250,499,102.874,5826.874,2862
250,500,101.045,5825.045,2862
